	original	normalized
0	editor- in- chief	editor in chief
1	editorial board	editorial board
2	editor-in-chief	editor in chief
3	associate editors	associate editor
4	founding editor	founding editor
5	editors-in-chief	editor in chief
6	editorial board members	editorial board member
7	co-editors	co editor
8	advisory board of part a: econometrics	advisory board of part a: econometrics
9	advisory board of part b: statistics	advisory board of part b: statistics
10	associate editors of part a: econometrics	associate editor of part a: econometrics
11	associate editors of part b: statistics	associate editor of part b: statistics
12	handling editors	handling editor
13	advisory editors	advisory editor
14	managing editor	managing editor
15	associate editor	associate editor
16	editors	editor
17	advisory board	advisory board
18	members of editorial board	member of editorial board
19	editor in chief	editor in chief
20	editorial board member	editorial board member
21	editorial office	editorial office
22	editor-in-chief	editor in chief
23	editorial staff	editorial staff
24	section editor	section editor
25	executive board	executive board
26	honorary editors	honorary editor
27	managing editors	managing editor
28	image quiz editors	image quiz editor
29	editorial review board	editorial review board
30	editorial advisory board	editorial advisory board
31	president	president
32	president-elect	president elect
33	secretary	secretary
34	treasurer	treasurer
35	past presidents	past presidents
36	councilors	councilors
37	asge foundation chair	asge foundation chair
38	co-editor-in-chief	co editor in chief
39	section editors	section editor
40	former editor	former editor
41	technical editors	technical editor
42	scientific editors	scientific editor
43	deputy editor-in-chief	deputy editor in chief
44	members scientific advisory board	member scientific advisory board
45	editor-in-chief	editor in chief
46	editors	editor
47	associate editor	associate editor
48	board	board
49	journal manager	journal manager
50	co-editors	co editor
51	assistant editors	assistant editor
52	founding editors	founding editor
53	deputy editor	deputy editor
54	executive editor	executive editor
55	social media editor	social media editor
56	statistical reviewers	statistical reviewers
57	senior editors	senior editor
58	editor emeritus	editor emeritus
59	associate managing editors	associate managing editor
60	advisory editor	advisory editor
61	assistant editor	assistant editor
62	editor	editor
63	advisory editorial board	advisory editorial board
64	editorial advisors	editorial advisors
65	editorial review board members	editorial review board member
66	editorial manager	editorial manager
67	editorial assistants	editorial assistants
68	co-editors-in-chief	co editor in chief
69	executive editors	executive editor
70	senior editor	senior editor
71	deputy editors	deputy editor
72	editorial committee	editorial committee
73	editor-in-chief, sobp publications	editor in chief, sobp publications
74	international editor	international editor
75	advisory board members	advisory board member
76	scientific advisory board	scientific advisory board
77	editor-in-chief/director	editor in chief/director
78	associate editors/editores asociados	associate editor/editores asociados
79	editorial manager/secretaría de redacción	editorial manager/secretaría de redacción
80	assistant editor/asistente del director	assistant editor/asistente del director
81	special issue editor	special issue editor
82	editorial assistant	editorial assistant
83	scientific committee	scientific committee
84	past editor	past editor
85	associate editors-in-chief	associate editor in chief
86	editorial office assistant	editorial office assistant
87	editor-in chief	editor in chief
88	scientific commitee	scientific commitee
89	statistical editor	statistical editor
90	co editors-in-chief	co editor in chief
91	senior executive editor	senior executive editor
92	journal relations editor	journal relations editor
93	international editors	international editor
94	regional editors	regional editor
95	review editor	review editor
96	international editorial board	international editorial board
97	national editorial board	national editorial board
98	statistical advisors	statistical advisors
99	advisor	advisor
100	assistant managing editors	assistant managing editor
101	express editor	express editor
102	associate editor-in-chief	associate editor in chief
103	resident-in-training members	resident in training member
104	manuscript editor	manuscript editor
105	statistics editor	statistics editor
106	editorial advisory board / espen faculty	editorial advisory board / espen faculty
107	deputy managing editor	deputy managing editor
108	european urology associate editors	european urology associate editor
109	digital media editor	digital media editor
110	co-editors-in-chief	co editor in chief
111	managing and executive editor	managing and executive editor
112	statistical editors	statistical editor
113	society representatives	society representatives
114	executive committee	executive committee
115	editorial assistant to prof. s. thomas	editorial assistant to prof. s. thomas
116	early career board	early career board
117	device technologies	device technologies
118	advisors	advisors
119	publication editors	publication editor
120	executive director of publication board	executive director of publication board
121	vice executive director of publication board	vice executive director of publication board
122	journal assistant (administrator)	journal assistant (administrator)
123	ejves editorial office	ejves editorial office
124	founding and emeritus editor-in-chief	founding and emeritus editor in chief
125	senior associate editors	senior associate editor
126	founding editor emeritus	founding editor emeritus
127	editorial policy advisors	editorial policy advisors
128	editor-in-chief	editor in chief
129	deputy editor	deputy editor
130	associate editors	associate editor
131	cme editor	cme editor
132	social media editors	social media editor
133	statistical editor	statistical editor
134	executive managing editor	executive managing editor
135	managing editor	managing editor
136	director, product management, digital publishing	director, product management, digital publishing
137	editorial assistant	editorial assistant
138	ethics committee	ethics committee
139	editorial consultants	editorial consultants
140	2018-2019 publications and editorial coordination committee	2018 2019 publications and editorial coordination committee
141	chief editor	chief editor
142	publishing editor	publishing editor
143	statistical editors	statistical editor
144	editorial board	editorial board
145	consulting editors	consulting editor
146	co-editors in chief	co editor in chief
147	assisant of editorial office	assisant of editorial office
148	art editor	art editor
149	national sleep foundation journal staff	national sleep foundation journal staff
150	executive editor-in-chief	executive editor in chief
151	editorial board office director	editorial board office director
152	editor, non-orthopaedic	editor, non orthopaedic
153	editor, spine, pelvis and acetabular	editor, spine, pelvis and acetabular
154	editor, basic science and biomechanics	editor, basic science and biomechanics
155	editor, lower limb	editor, lower limb
156	editor, epidemiology	editor, epidemiology
157	editor, upper limb	editor, upper limb
158	reviews editor (non-orthopaedics)	reviews editor (non orthopaedics)
159	section associate editors	section associate editor
160	past editor-in-chief	past editor in chief
161	past associate editor	past associate editor
162	associae editor	associae editor
163	editorial advisor	editorial advisor
164	press editor	press editor
165	advisory board member	advisory board member
166	associate executive editor	associate executive editor
167	national advisers	national advisers
168	international advisers	international advisers
169	members	member
170	assistant managing editor	assistant managing editor
171	board of directors	board of directors
172	observers	observers
173	executive staff	executive staff
174	senior director, hrs publications; managing editor	senior director, hrs publications; managing editor
175	online editor	online editor
176	director	director
177	subdirector	subdirector
178	editors emeriti	editor emeriti
179	advisory editorial board members	advisory editorial board member
180	founding editorial board	founding editorial board
181	co editor-in-chief	co editor in chief
182	honor editors	honor editor
183	office editors	office editor
184	consulting editor	consulting editor
185	honorary-editors-in-chief	honorary editor in chief
186	associate editors-in-chief	associate editor in chief
187	assistant editor-in-chief	assistant editor in chief
188	chair	chair
189	executive associate editors	executive associate editor
190	statistics editors	statistics editor
191	editorial office	editorial office
192	board members	board member
193	executive secretary	executive secretary
194	area editors	area editor
195	assistant to editor-in-chief	assistant to editor in chief
196	international board	international board
197	editorial offices	editorial offices
198	chairman of the committee of management	chairman of the committee of management
199	president of bapras	president of bapras
200	deputy president of bapras	deputy president of bapras
201	honorary treasurer of bapras	honorary treasurer of bapras
202	honorary secretary of bapras	honorary secretary of bapras
203	administrative editor	administrative editor
204	board of consultants	board of consultants
205	for inquiries regarding book reviews, please contact mark pingle	for inquiries regarding book reviews, please contact mark pingle
206	editor / director	editor / director
207	honorary editor-in-chief	honorary editor in chief
208	associate editors / language	associate editor / language
209	associate editor / methodology and statistics	associate editor / methodology and statistics
210	associate editor / technical review	associate editor / technical review
211	former editors	former editor
212	survey papers editor	survey papers editor
213	section editor - trauma & rehabilitation	section editor trauma & rehabilitation
214	section editor - hip	section editor hip
215	section editor - foot & ankle	section editor foot & ankle
216	section editor - training & education	section editor training & education
217	section editor - arthroplasty	section editor arthroplasty
218	section editor - pediatric orthopaedics	section editor pediatric orthopaedics
219	section editor - orthopaedic oncology	section editor orthopaedic oncology
220	section editor - elbow, wrist & hand	section editor elbow, wrist & hand
221	section editor - shoulder	section editor shoulder
222	incoming editor	incoming editor
223	outgoing editor	outgoing editor
224	incoming associate editors	incoming associate editor
225	ongoing associate editors	ongoing associate editor
226	outgoing associate editors	outgoing associate editor
227	art director, it manager & billing platform manager	art director, it manager & billing platform manager
228	honorary member	honorary member
229	assistant associate editor	assistant associate editor
230	editorial coordinator	editorial coordinator
231	previous editors	previous editor
232	founding editor in chief	founding editor in chief
233	board of trustees	board of trustees
234	section editors – animal models	section editor – animal models
235	section editors – biomaterials	section editor – biomaterials
236	section editors – biophysical stimulation	section editor – biophysical stimulation
237	section editors – clinical trials	section editor – clinical trials
238	section editors – diagnostics	section editor – diagnostics
239	section editors – health promotion and sports medicine	section editor – health promotion and sports medicine
240	section editor – imaging	section editor – imaging
241	section editors – industries and markets	section editor – industries and markets
242	section editors – medical devices and implants	section editor – medical devices and implants
243	section editors – regenerative medicine	section editor – regenerative medicine
244	section editor – regulations and policies	section editor – regulations and policies
245	section editors – rehabilitation	section editor – rehabilitation
246	international editorial board members	international editorial board member
247	founding editor-in-chief	founding editor in chief
248	founding associate editor	founding associate editor
249	review editors	review editor
250	founding editors (2012)	founding editor (2012)
251	junior editors	junior editor
252	honorary editor-in-chief and founder	honorary editor in chief and founder
253	special issues editor	special issues editor
254	jcrs editors	jcrs editor
255	jcrs associate editors	jcrs associate editor
256	jcrs editor emeritus	jcrs editor emeritus
257	jcrs review/update	jcrs review/update
258	jcrs editorial board	jcrs editorial board
259	section expert advisors	section expert advisors
260	executive editors-in-chief	executive editor in chief
261	receiving editors	receiving editor
262	executive managing editor	executive managing editor
263	editorial office / contact	editorial office / contact
264	associate editors	associate editor
265	editorial board members	editorial board member
266	honorary editor	honorary editor
267	honorary editors-in-chief	honorary editor in chief
268	editor assistant	editor assistant
269	english editor	english editor
270	handling editor	handling editor
271	co-editor	co editor
272	international advisory board	international advisory board
273	editor in chief/director	editor in chief/director
274	associated editors/editores asociados	associated editor/editores asociados
275	editor-chefe	editor chefe
276	editor associado	editor associado
277	conselho editorial executivo	conselho editorial executivo
278	conselho editorial	conselho editorial
279	managing editor-in-chief	managing editor in chief
280	editorial director	editorial director
281	members of the advisory board	member of the advisory board
282	members of the editorial board	member of the editorial board
283	founding editors-in-chief	founding editor in chief
284	emeritus editor	emeritus editor
285	editorial associates	editorial associates
286	regional editor - asia	regional editor asia
287	regional editor - europe	regional editor europe
288	regional editor - north america	regional editor north america
289	regional editor - south america	regional editor south america
290	regional editor - oceania	regional editor oceania
291	business editors	business editor
292	editorial office (scientific managers)	editorial office (scientific managers)
293	former editor-in-chief (2012-2018)	former editor in chief (2012 2018)
294	editorial office - director	editorial office director
295	editorial office - administrative editors	editorial office administrative editor
296	editor in chief	editor in chief
297	topic editors	topic editor
298	section editor: mds	section editor: mds
299	associate staff editors	associate staff editor
300	junior staff editors	junior staff editor
301	deputy-editors-in-chief	deputy editor in chief
302	chair of editorial board	chair of editorial board
303	hospitality subject editor	hospitality subject editor
304	leisure and events subject editor	leisure and events subject editor
305	sport subject editor	sport subject editor
306	tourism subject editor	tourism subject editor
307	deputy chief editor	deputy chief editor
308	earli editorial board representative	earli editorial board representative
309	iscar editorial board representative	iscar editorial board representative
310	honorary editor-in-chiefs	honorary editor in chiefs
311	associate editor-in-chiefs	associate editor in chiefs
312	senior associate editor	senior associate editor
313	editor in chief / directora	editor in chief / directora
314	associate editors / editores asociados	associate editor / editores asociados
315	chairman	chairman
316	vice chairman	vice chairman
317	editor-in-chief for columns	editor in chief for columns
318	subject editors	subject editor
319	founder and emeritus editor	founder and emeritus editor
320	founder editor	founder editor
321	vice president	vice president
322	joint secretary	joint secretary
323	immediate past president	immediate past president
324	executive committee members	executive committee member
325	associate research editors	associate research editor
326	research editors	research editor
327	senior director	senior director
328	co-editor in chief	co editor in chief
329	co-managing editor	co managing editor
330	advisory panel	advisory panel
331	editorial panel	editorial panel
332	media engagement editor	media engagement editor
333	editors in chief	editor in chief
334	chief advisors	chief advisors
335	editorial office manager	editorial office manager
336	book review editor	book review editor
337	members of advisory board	member of advisory board
338	executive associate editor	executive associate editor
339	past editors	past editor
340	editorial office staff	editorial office staff
341	assistant editorial secretary	assistant editorial secretary
342	international reviewing board	international reviewing board
343	associate editor in chief	associate editor in chief
344	technical assistants	technical assistants
345	production assistants	production assistants
346	special issues co-editor-in-chief and founding editor	special issues co editor in chief and founding editor
347	honorary chief editor	honorary chief editor
348	deputy chief editors	deputy chief editor
349	deputy managing editors	deputy managing editor
350	education editors	education editor
351	narrative oncology editor	narrative oncology editor
352	president of the egyptian society of rheumatic diseases	president of the egyptian society of rheumatic diseases
353	editorial board	editorial board
354	executive vice editor-in-chief	executive vice editor in chief
355	production editor	production editor
356	chief editorial board	chief editorial board
357	editorial technical office	editorial technical office
358	national scientific board	national scientific board
359	international scientific board	international scientific board
360	editor-in-chief/editor jefe	editor in chief/editor jefe
361	editor/editor	editor/editor
362	editorial board/consejo editorial	editorial board/consejo editorial
363	editor-in-chief / editor jefe	editor in chief / editor jefe
364	co-editors / editores adjuntos	co editor / editores adjuntos
365	junior co-editors / editores adjuntos juniors	junior co editor / editores adjuntos juniors
366	area editor / editor de área	area editor / editor de área
367	administrative secretary	administrative secretary
368	vice-editor-in-chief	vice editor in chief
369	executive assistant	executive assistant
370	technical assistant	technical assistant
371	executive editors	executive editor
372	editorial assistance	editorial assistance
373	associate editor in charge of statistics	associate editor in charge of statistics
374	editor-in-chief emeritus and founder	editor in chief emeritus and founder
375	editorial review panel	editorial review panel
376	editor-in-chief (2010-2013)	editor in chief (2010 2013)
377	editor-in-chief (2014-2016)	editor in chief (2014 2016)
378	vice editors-in-chief	vice editor in chief
379	president of cairo university	president of cairo university
380	vice president of cairo university for graduate studies and research	vice president of cairo university for graduate studies and research
381	editorial advisory board - pharmacy	editorial advisory board pharmacy
382	editorial advisory board - veterinary medicine	editorial advisory board veterinary medicine
383	editorial advisory board - agriculture	editorial advisory board agriculture
384	editorial advisory board - engineering	editorial advisory board engineering
385	editorial advisory board - medicine	editorial advisory board medicine
386	editorial advisory board - science	editorial advisory board science
387	editorial advisory board - physical therapy	editorial advisory board physical therapy
388	director of publication	director of publication
389	book review	book review
390	editor's choice	editor's choice
391	vice editor-in-chief	vice editor in chief
392	scientific editor	scientific editor
393	editorial supervisor	editorial supervisor
394	section editor – production engineering	section editor – production engineering
395	executive director	executive director
396	editors emeritus	editor emeritus
397	reviews editor	reviews editor
398	epidemics now section editor	epidemics now section editor
399	honorary consultant editor	honorary consultant editor
400	consultant editors	consultant editor
401	editorial secretary	editorial secretary
402	sofcot’s instructional course lectures editorial committee	sofcot’s instructional course lectures editorial committee
403	web editor	web editor
404	editora-chefe | editor-in-chief	editora chefe | editor in chief
405	coeditor | co-editor	coeditor | co editor
406	editores associados | associate editors	editores associados | associate editor
407	conselho editorial | editorial board	conselho editorial | editorial board
408	consultores internacionais | international advisory board	consultores internacionais | international advisory board
409	field editors	field editor
410	vice-chairmen	vice chairmen
411	section editor-in-chief for serious games	section editor in chief for serious games
412	section associate editors for serious games	associate editor
413	section editor-in-chief for entertainment robots	section editor in chief for entertainment robots
414	section associate editors for entertainment robots	associate editor
415	section editors for interactive television	section editor
416	book review editors	book review editor
417	honorary editorial board	honorary editorial board
418	co-editor	co editor
419	managing executive editor	managing executive editor
420	international advisory editors	international advisory editor
421	associate editors and scientific advisors	associate editor and scientific advisors
422	assistant editors and technical editorial staff	assistant editor and technical editorial staff
423	editorial board directors	editorial board directors
424	managing associate editors	managing associate editor
425	executive editorial advisory board	executive editorial advisory board
426	ex-officio (past) editor-in-chief	ex officio (past) editor in chief
427	international advisory commitee	international advisory commitee
428	associate editor tutorials	associate editor tutorials
429	associate editor webinars	associate editor webinars
430	chief editor's assistant	chief editor's assistant
431	review board	review board
432	director/editor-in-chief	director/editor in chief
433	editoras / editors	editoras / editor
434	ex-officio member	ex officio member
435	advisory member	advisory member
436	2018-2019 publications and editorial coordination committee	2018 2019 publications and editorial coordination committee
437	edtorial editor	edtorial editor
438	thematic editors	thematic editor
439	international adivsory board	international adivsory board
440	chairs	chairs
441	deputy editors-in-chief	deputy editor in chief
442	editorial members	editorial member
443	copy editor	copy editor
444	scientific editor (elsevier, cambridge, ma, usa)	scientific editor (elsevier, cambridge, ma, usa)
445	publication office staff	publication office staff
446	lab resources editors	lab resources editor
447	editor-in-chief/herausgeber	editor in chief/herausgeber
448	founding editor/gründungsherausgeber	founding editor/gründungsherausgeber
449	editorial board/wissenschaftlicher beirat	editorial board/wissenschaftlicher beirat
450	editorial office/redaktionsassistenz	editorial office/redaktionsassistenz
451	director of publications	director of publications
452	senior managing editor	senior managing editor
453	associate editors-in_chief	associate editor in_chief
454	vice-chairmen	vice chairmen
455	publication assistant	publication assistant
456	advisory committee	advisory committee
457	regional editor (north america)	regional editor (north america)
458	trainee editorial board members	trainee editorial board member
459	youth editorial committee	youth editorial committee
460	news and opinions editor	news and opinions editor
461	editora / editor-in-chief	editora / editor in chief
462	editores asociados / associate editors	editores asociados / associate editor
463	executive associate editor-in-chief	executive associate editor in chief
464	vice-chairman	vice chairman
465	board of editors	board of editor
466	special content editor	special content editor
467	associate editors, europe	associate editor, europe
468	associate editors, asia/australia/rest of world	associate editor, asia/australia/rest of world
469	associate editors, the americas	associate editor, the americas
470	editor-in-chief / director	editor in chief / director
471	deputy editor / jefe de redacción	deputy editor / jefe de redacción
472	executive editor / secretario de redacción	executive editor / secretario de redacción
473	young members	young member
474	layout editor	layout editor
475	general editor	general editor
476	president of cospar	president of cospar
477	associate director	associate director
478	editor-in-chief special content	editor in chief special content
479	editor jefe/editor in chief	editor jefe/editor in chief
480	editores asociados	editores asociados
481	directora editorial	directora editorial
482	editors-in-chief/directores ejecutivos	editor in chief/directores ejecutivos
483	associate editors/directores asociados	associate editor/directores asociados
484	editor for cme	editor for cme
485	associate social media editor	associate social media editor
486	editor for case reports	editor for case reports
487	creative director: visual abstracts	creative director: visual abstracts
488	integrated health associate editors	integrated health associate editor
489	integrated health editorial board	integrated health editorial board
490	coordinating editor	coordinating editor
491	the board of governors of acta biomaterialia	the board of governors of acta biomaterialia
492	editor-in-chief emeritus	editor in chief emeritus
493	deputy editors-in-chief	deputy editor in chief
494	founding editor	founding editor
495	managing area editor	managing area editor
496	chief editors	chief editor
497	past & honorary editors	past & honorary editor
498	international editorial review board	international editorial review board
499	language editor	language editor
500	former editors-in-chief	former editor in chief
501	series editor	series editor
502	specialty editors	specialty editor
503	trainee editor	trainee editor
504	mcq editor	mcq editor
505	editor: basic science and preclinical research	editor: basic science and preclinical research
506	editor: epidemiology and prevention	editor: epidemiology and prevention
507	editor: tumour immunotherapy	editor: tumour immunotherapy
508	editors: breast cancer	editor: breast cancer
509	editors: gastrointestinal cancers	editor: gastrointestinal cancers
510	editor: genitourinary cancers	editor: genitourinary cancers
511	editor: head and neck cancer	editor: head and neck cancer
512	editor: hemato-oncology	editor: hemato oncology
513	editor: lung cancer	editor: lung cancer
514	editor: gynaecological cancers	editor: gynaecological cancers
515	editor: melanoma	editor: melanoma
516	editor: neuro-oncology	editor: neuro oncology
517	editor: paediatric oncology	editor: paediatric oncology
518	clinical oncology editorial board	clinical oncology editorial board
519	basic science and preclinical research editorial board	basic science and preclinical research editorial board
520	epidemiology and prevention editorial board	epidemiology and prevention editorial board
521	paediatric oncology editorial board	paediatric oncology editorial board
522	editor in chief / director	editor in chief / director
523	deputy editor / subdirector	deputy editor / subdirector
524	associate editor / editores asociados	associate editor / editores asociados
525	contributing editors	contributing editor
526	narrative reviews	narrative reviews
527	systematic reviews and meta-analyses	systematic reviews and meta analyses
528	editor emeriti	editor emeriti
529	managing editor (editorial office)	managing editor (editorial office)
530	book reviews editor	book reviews editor
531	emeritus editors	emeritus editor
532	section editors – general surgery	section editor – general surgery
533	section editors – bariatric and metabolic surgery	section editor – bariatric and metabolic surgery
534	section editors – cardiovascular surgery	section editor – cardiovascular surgery
535	section editors – plastic surgery	section editor – plastic surgery
536	section editors – thoracic surgery	section editor – thoracic surgery
537	section editors – endocrine surgery	section editor – endocrine surgery
538	section editors – pediatric surgery	section editor – pediatric surgery
539	section editors – neurosurgery	section editor – neurosurgery
540	section editors - hepato-biliary-pancreatic surgery	section editor hepato biliary pancreatic surgery
541	editorial board – bariatric and metabolic surgery	editorial board – bariatric and metabolic surgery
542	editorial board – cardiovascular surgery	editorial board – cardiovascular surgery
543	editorial board – colon and rectal surgery	editorial board – colon and rectal surgery
544	editorial board – endocrine surgery	editorial board – endocrine surgery
545	editorial board – esophageal surgery	editorial board – esophageal surgery
546	editorial board – general surgery	editorial board – general surgery
547	editorial board – hepato-biliary-pancreatic surgery	editorial board – hepato biliary pancreatic surgery
548	editorial board – head and neck surgery	editorial board – head and neck surgery
549	editorial board – neurosurgery	editorial board – neurosurgery
550	editorial board – orthopedic surgery	editorial board – orthopedic surgery
551	editorial board – pediatric surgery	editorial board – pediatric surgery
552	editorial board – plastic surgery	editorial board – plastic surgery
553	editorial board – thoracic surgery	editorial board – thoracic surgery
554	editorial board – transplantation	editorial board – transplantation
555	editorial board – upper gi	editorial board – upper gi
556	editorial board – urology	editorial board – urology
557	editorial board – surgical translational research	editorial board – surgical translational research
558	editorial office– managing editor	editorial office– managing editor
559	editorial office– assisting editor	editorial office– assisting editor
560	senior editor: special issues	senior editor: special issues
561	senior editor: ecra executive	senior editor: ecra executive
562	reviewing member of editorial board	reviewing member of editorial board
563	consultants of the editorial committee	consultants of the editorial committee
564	international members of the editorial committee	international member of the editorial committee
565	editorial committe members	editorial committe member
566	thematic volume editors	thematic volume editor
567	editor / redactora jefe	editor / redactora jefe
568	assistant editors / editores adjuntos	assistant editor / editores adjuntos
569	former associate editors	former associate editor
570	editores	editores
571	honorary members	honorary member
572	editor-in-chief / directora	editor in chief / directora
573	associated editors / editores asociados	associated editor / editores asociados
574	editor jefe / editor-in-chief	editor jefe / editor in chief
575	editor in chief	editor in chief
576	editorial associate	editorial associate
577	scientific board	scientific board
578	co-editors / directores asociados	co editor / directores asociados
579	associate editor/ editores asociados	associate editor/ editores asociados
580	editores asociados/associate editors	editores asociados/associate editor
581	consejo editorial	consejo editorial
582	editor jefe	editor jefe
583	emeritus editor-in-chief	emeritus editor in chief
584	consulting board for eaces	consulting board for eaces
585	editors-in-chief	editor in chief
586	editor-in-chief emeritus / founding editor	editor in chief emeritus / founding editor
587	reviews editor	reviews editor
588	letters editor	letters editor
589	associate board members	associate board member
590	vice executive editors	vice executive editor
591	international advisory editorial board	international advisory editorial board
592	executive vice-president	executive vice president
593	vice-presidents	vice presidents
594	secretary general	secretary general
595	public relations secretary	public relations secretary
596	founding co-editor-in-chief	founding co editor in chief
597	chairperson	chairperson
598	co-opted members	co opted member
599	member secretary	member secretary
600	deputy chairperson	deputy chairperson
601	technical editor	technical editor
602	international editorial advisory board	international editorial advisory board
603	national editorial advisory board	national editorial advisory board
604	armed forces medical services advisory board	armed forces medical services advisory board
605	specialist associate editor	specialist associate editor
606	semfyc coordinator	semfyc coordinator
607	deputy editors / jefe de redacción	deputy editor / jefe de redacción
608	contributing editors / editores colaboradores	contributing editor / editores colaboradores
609	editorial advisory board members	editorial advisory board member
610	editor emeritus 2005-2016	editor emeritus 2005 2016
611	editor board members	editor board member
612	founding and honorary editor	founding and honorary editor
613	co-ordinating editors	co ordinating editor
614	8. special content and reviews	8. special content and reviews
615	editorial editor	editorial editor
616	guest editor	guest editor
617	deputy editor in chief	deputy editor in chief
618	special issues editors	special issues editor
619	joint journal oversight committee	joint journal oversight committee
620	director jefe	director jefe
621	directores adjuntos	directores adjuntos
622	honorary advisory board	honorary advisory board
623	emeritus consulting editors	emeritus consulting editor
624	journal office coordinator	journal office coordinator
625	editorial board consultants	editorial board consultants
626	desk editor	desk editor
627	european editor	european editor
628	north american editor	north american editor
629	asian editor	asian editor
630	editors - in - chief	editor in chief
631	past editors-in-chief	past editor in chief
632	inside this issue section editor	inside this issue section editor
633	reviews and theoretical advances	reviews and theoretical advances
634	assistant  managing editor	assistant managing editor
635	director of scientific outreach	director of scientific outreach
636	senior editorial assistant	senior editorial assistant
637	asip president	asip president
638	asip publications committee	asip publications committee
639	editors-in-charge	editor in charge
640	administrative assistant	administrative assistant
641	2017 editor	2017 editor
642	chair of the international editorial board	chair of the international editorial board
643	emeritus editor-in-chief:	emeritus editor in chief:
644	board of associate editors	board of associate editor
645	advisory board of emeritus editors	advisory board of emeritus editor
646	co-ordinating  editors	co ordinating editor
647	field editors	field editor
648	associate managing editor	associate managing editor
649	editorial and production assistant	editorial and production assistant
650	cme editor	cme editor
651	reflections editor	reflections editor
652	reviewing editor	reviewing editor
653	advisory editor (past editor-in-chief)	advisory editor (past editor in chief)
654	meetings editor	meetings editor
655	jid connector editor	jid connector editor
656	milestones editor	milestones editor
657	jid-visual dx quiz editor	jid visual dx quiz editor
658	cells to surgery editor	cells to surgery editor
659	podcast editor	podcast editor
660	section editors: disasters & resilience	section editor: disasters & resilience
661	consulting board	consulting board
662	editor-in-chief and editor for europe and africa (applied science)	editor in chief and editor for europe and africa (applied science)
663	editor for asia and australasia (applied science)	editor for asia and australasia (applied science)
664	editor (manufacturing) and american editor (applied science and manufacturing)	editor (manufacturing) and american editor (applied science and manufacturing)
665	chinese editor (applied science)	chinese editor (applied science)
666	editor for nanocomposites	editor for nanocomposites
667	editor for biocomposites	editor for biocomposites
668	regular members	regular member
669	tools and techniques editor	tools and techniques editor
670	video editor	video editor
671	cochrane nursing care review	cochrane nursing care review
672	editor-at-large	editor at large
673	principal editor	principal editor
674	the board of governors of scripta materialia	the board of governors of scripta materialia
675	international advisory editors board	international advisory editor board
676	founder and honorary editor	founder and honorary editor
677	social media committee	social media committee
678	masterclass editor	masterclass editor
679	editors-at-large	editor at large
680	honorary managing editor	honorary managing editor
681	editorial advisory board members	editorial advisory board member
682	founding editor and emeritus editor-in-chief	founding editor and emeritus editor in chief
683	regional advisors	regional advisors
684	book reviews	book reviews
685	media editor	media editor
686	feature editors	feature editor
687	genomics in focus editor	genomics in focus editor
688	imaging in focus editor	imaging in focus editor
689	medicine in focus – cancer editor	medicine in focus – cancer editor
690	medicine in focus – cardiovascular editor	medicine in focus – cardiovascular editor
691	medicine in focus –  respiratory editor	medicine in focus – respiratory editor
692	neuroscience in focus editor	neuroscience in focus editor
693	organelles in focus editor	organelles in focus editor
694	assistant editors-in-chief	assistant editor in chief
695	business news editor	business news editor
696	audio file editor	audio file editor
697	editorial executive committee	editorial executive committee
698	editorial consultants	editorial consultants
699	regional editor (asia-pacific)	regional editor (asia pacific)
700	regional editor (europe)	regional editor (europe)
701	guest editors	guest editor
702	section editor: tools and technology	section editor: tools and technology
703	young investigator associate editor	young investigator associate editor
704	honorary and founding editor	honorary and founding editor
705	ex officio editor	ex officio editor
706	editor-in-chief: contact the editor	editor in chief: contact the editor
707	editor-in-chief, emeritus	editor in chief, emeritus
708	note editor	note editor
709	honorary founding editor	honorary founding editor
710	joint editors-in-chief	joint editor in chief
711	assistant to the editor-in-chief	assistant to the editor in chief
712	founder and editor-in-chief emeritus	founder and editor in chief emeritus
713	honorary board members	honorary board member
714	academic board members	academic board member
715	junior board members	junior board member
716	former editor-in-chief	former editor in chief
717	column editor	column editor
718	associate editors in radiation physics	associate editor in radiation physics
719	associate editors in radiation chemistry	associate editor in radiation chemistry
720	associate editors in radiation processing	associate editor in radiation processing
721	editorial team	editorial team
722	trends editor	trends editor
723	editor - csp/thermal storage, solar energy materials & solar cells	editor csp/thermal storage, solar energy materials & solar cells
724	editor – space photovoltaics and emerging pv concepts	editor – space photovoltaics and emerging pv concepts
725	editor – iii-v multi-junction solar cells, cpv and economics of solar materials	editor – iii v multi junction solar cells, cpv and economics of solar materials
726	editor - non-silicon thin film solar cell, solar energy materials & solar cells	editor non silicon thin film solar cell, solar energy materials & solar cells
727	editor - optical and electrical properties, solar energy materials & solar cells	editor optical and electrical properties, solar energy materials & solar cells
728	editor - organic and polymer solar cell, solar energy materials & solar cells	editor organic and polymer solar cell, solar energy materials & solar cells
729	editor - thin film deposition, oxide materials & device, solar energy materials & solar cells	editor thin film deposition, oxide materials & device, solar energy materials & solar cells
730	'setting the agenda' editor	'setting the agenda' editor
731	past review and setting-the-agenda editors	past review and setting the agenda editor
732	deputy international editor	deputy international editor
733	deputy editor for basic science	deputy editor for basic science
734	editor emeritus - 1996-2008	editor emeritus 1996 2008
735	founding editor - 1991-1996	founding editor 1991 1996
736	basic science editors	basic science editor
737	review and special projects editors	review and special projects editor
738	social media editors	social media editor
739	basic science assistant editors	basic science assistant editor
740	annotated bibliography editor	annotated bibliography editor
741	disciplinary dialogues editors	disciplinary dialogues editor
742	editor (asian-pacific)	editor (asian pacific)
743	editor (europe)	editor (europe)
744	editor (north-america)	editor (north america)
745	executive editorial board members	executive editorial board member
746	topics review editor	topics review editor
747	subject editor for civil structures and construction materials	subject editor for civil structures and construction materials
748	subject editor for eddy currents and magnetic methods	subject editor for eddy currents and magnetic methods
749	subject editor for ultrasonics	subject editor for ultrasonics
750	subject editor for ultrasonics and thermal waves	subject editor for ultrasonics and thermal waves
751	subject editor for x-ray, numerical signal processing, and ultrasonics	subject editor for x ray, numerical signal processing, and ultrasonics
752	subject editor for nde applications	subject editor for nde applications
753	reviews associate editor	reviews associate editor
754	features editors	features editor
755	associate editorial board	associate editorial board
756	senior area editor	senior area editor
757	honorary associate editors	honorary associate editor
758	corresponding editors	corresponding editor
759	managing board	managing board
760	associate board	associate board
761	vice editor	vice editor
762	editor in chief /director	editor in chief /director
763	editor in chief emeritus	editor in chief emeritus
764	editor, north america and asia/pacific	editor, north america and asia/pacific
765	editor, europe and south america	editor, europe and south america
766	editor, south and southeast asia and oceania	editor, south and southeast asia and oceania
767	board of the jecs trust	board of the jecs trust
768	editorial board (software section)	editorial board (software section)
769	editorial board (regular section)	editorial board (regular section)
770	reviews only (commissioned)	reviews only (commissioned)
771	industry news editor	industry news editor
772	regional editor (asia)	regional editor (asia)
773	djr editors	djr editor
774	djr advisory editors	djr advisory editor
775	djr committee members	djr committee member
776	djr advisors	djr advisors
777	physics advisory editors	physics advisory editor
778	associate editors - accounting	associate editor accounting
779	associate editors - finance	associate editor finance
780	book reviewer	book reviewer
781	associate editor, innovation	associate editor, innovation
782	industrial board members	industrial board member
783	senior consulting editors	senior consulting editor
784	cme co-editors	cme co editor
785	consulting and founding editor	consulting and founding editor
786	specialist editor	specialist editor
787	american editor	american editor
788	associate editor to asian editor	associate editor to asian editor
789	reviewing committee	reviewing committee
790	director / editor-in-chief	director / editor in chief
791	associate director / directora asociada	associate director / directora asociada
792	associate editors / editores y editoras asociados/as	associate editor / editores y editoras asociados/as
793	invited editors / editores invitados	invited editor / editores invitados
794	co-founder and senior editor-in-chief: (1987-2000)	co founder and senior editor in chief: (1987 2000)
795	editor-in-chief: (2000-2010)	editor in chief: (2000 2010)
796	publicity co-chairs	publicity co chairs
797	john f. mcdermott, md, assistant editor-in-residence	john f. mcdermott, md, assistant editor in residence
798	international editors-at-large	international editor at large
799	editors-at-large for methodology	editor at large for methodology
800	therapeutic reviews	therapeutic reviews
801	founding and executive editor	founding and executive editor
802	founding editor-in-chief emeritus	founding editor in chief emeritus
803	statistical advisor	statistical advisor
804	student editorial board	student editorial board
805	emeritus board members	emeritus board member
806	board of review	board of review
807	associate editor, health care improvement and evaluation	associate editor, health care improvement and evaluation
808	assistant editor, statistics	assistant editor, statistics
809	commissioning editor	commissioning editor
810	regular editorial board members	regular editorial board member
811	review board members	review board member
812	founder and editor emeritus	founder and editor emeritus
813	interim editor-in-chief	interim editor in chief
814	reviews in basic and clinical gastroenterology and hepatology	reviews in basic and clinical gastroenterology and hepatology
815	biostatistical editors	biostatistical editor
816	editorial fellow	editorial fellow
817	aga institute staff	aga institute staff
818	education editor	education editor
819	sr. publication coordinator	sr. publication coordinator
820	founding editor and editor emeritus	founding editor and editor emeritus
821	associate editor in chief, special issues	associate editor in chief, special issues
822	chairperson, advisory board	chairperson, advisory board
823	subject area editors	subject area editor
824	chairman of the editorial board	chairman of the editorial board
825	past chairmen of the editorial board	past chairmen of the editorial board
826	policy board	policy board
827	area editors	area editor
828	members of the editorial review board	member of the editorial review board
829	subject editor for fracture mechanics	subject editor for fracture mechanics
830	subject editor for notch mechanics	subject editor for notch mechanics
831	subject editor for computational fracture mechanics	subject editor for computational fracture mechanics
832	editor: food mycology	editor: food mycology
833	editor-in-chief, europe	editor in chief, europe
834	editor accelerated publications	editor accelerated publications
835	editor special issues	editor special issues
836	editor, asia-oceania	editor, asia oceania
837	editor, america	editor, america
838	advisory editors, europe	advisory editor, europe
839	advisory editors, america	advisory editor, america
840	advisory editors, asia-oceania	advisory editor, asia oceania
841	coordinating editors	coordinating editor
842	section editor: addiction and development	section editor: addiction and development
843	section editor: autism	section editor: autism
844	section editor: down's syndrome	section editor: down's syndrome
845	section editor: epigenetics	section editor: epigenetics
846	section editor: growth factors & development	section editor: growth factors & development
847	section editor: hypoxia	section editor: hypoxia
848	section editor: imaging	section editor: imaging
849	section editor: schizophrenia	section editor: schizophrenia
850	section editor: stem cells	section editor: stem cells
851	subject editor, algorithms and architecture	subject editor, algorithms and architecture
852	subject editor, system-level  design and high-level synthesis	subject editor, system level design and high level synthesis
853	subject editor, digital, analog and  mixed signal design	subject editor, digital, analog and mixed signal design
854	subject editor, implementations and layout synthesis	subject editor, implementations and layout synthesis
855	subject editor, ip integration and reuse	subject editor, ip integration and reuse
856	subject editor, embedded, reconfigurable and cyberphysical systems	subject editor, embedded, reconfigurable and cyberphysical systems
857	subject editor, low-power circuits and systems	subject editor, low power circuits and systems
858	opinions editor	opinions editor
859	editor emerita	editor emerita
860	manuscripts can be submitted to any of the 4 editors	manuscripts can be submitted to any of the 4 editor
861	membership of the board	memberhip of the board
862	ex-officio membership of the board	ex officio memberhip of the board
863	editorial assistant / living tree project	editorial assistant / living tree project
864	honorary editorial advisory board	honorary editorial advisory board
865	co-ordinating editor	co ordinating editor
866	editor emiriti	editor emiriti
867	senior editor, medical anthropology	senior editor, medical anthropology
868	associate editor, medical anthropology	associate editor, medical anthropology
869	senior co-editors, health economics	senior co editor, health economics
870	senior co-editors, social epidemiology	senior co editor, social epidemiology
871	editorial associate, social epidemiology	editorial associate, social epidemiology
872	senior editor, medical geography	senior editor, medical geography
873	editorial assistant: medical geography	editorial assistant: medical geography
874	senior editor, health policy	senior editor, health policy
875	associate co-editors, health policy	associate co editor, health policy
876	editorial assistant, health policy	editorial assistant, health policy
877	senior editor, health psychology	senior editor, health psychology
878	editorial associates, health psychology	editorial associates, health psychology
879	senior editor, medical sociology	senior editor, medical sociology
880	editorial assistant, medical sociology	editorial assistant, medical sociology
881	rifm managing editor	rifm managing editor
882	associate editor (north america)	associate editor (north america)
883	associate editor (china)	associate editor (china)
884	academic editor	academic editor
885	ifip tc-11 editor	ifip tc 11 editor
886	statistical reviewer	statistical reviewer
887	action editors	action editor
888	associate editor-in-chief, software section	associate editor in chief, software section
889	advisory board, software section	advisory board, software section
890	former editorial board members	former editorial board member
891	area editor: approximation and heuristics	area editor: approximation and heuristics
892	area editor: continuous optimization	area editor: continuous optimization
893	area editor: financial engineering	area editor: financial engineering
894	area editor: game theory	area editor: game theory
895	area editor: graphs and networks	area editor: graphs and networks
896	area editor: inventory control	area editor: inventory control
897	area editor: linear and stochastic optimization	area editor: linear and stochastic optimization
898	area editor: logistics and revenue management	area editor: logistics and revenue management
899	area editor: mixed integer optimization	area editor: mixed integer optimization
900	area editor: reliability and maintenance optimization	area editor: reliability and maintenance optimization
901	area editor: scheduling	area editor: scheduling
902	area editor: stochastic networks and queues	area editor: stochastic networks and queues
903	translation editor	translation editor
904	co-editor for special issues	co editor for special issues
905	development editor	development editor
906	co-editores	co editores
907	international board of editors	international board of editor
908	editor- in-chief	editor in chief
909	subject editor for biomaterial adhesion	subject editor for biomaterial adhesion
910	editors-in-chief emeritus	editor in chief emeritus
911	reviewing editors	reviewing editor
912	senior associate editor (special issues and reviews)	senior associate editor (special issues and reviews)
913	reviews and special content editor	reviews and special content editor
914	regional editors asia	regional editor asia
915	regional editor europe	regional editor europe
916	regional editor usa	regional editor usa
917	research methodology editors	research methodology editor
918	department editors	department editor
919	emeritus editors in chief	emeritus editor in chief
920	editor boolean and pseudo-boolean functions	editor boolean and pseudo boolean functions
921	editors computational molecular biology	editor computational molecular biology
922	editor game theory	editor game theory
923	previous editors-in-chief	previous editor in chief
924	special editors	special editor
925	pearls reviewers	pearls reviewers
926	editorial manager for special issues	editorial manager for special issues
927	publicity chair	publicity chair
928	journal-first chair	journal first chair
929	distinguished journal editorial board	distinguished journal editorial board
930	editorial board editors	editorial board editor
931	honorary board	honorary board
932	associate editors for display technologies & human factors	associate editor
933	previous editors in chief	previous editor in chief
934	editors for general degradation	editor for general degradation
935	editor for biodegradable and bio-based polymers	editor for biodegradable and bio based polymers
936	editor for fire retardants	editor for fire retardants
937	editor for bio-based and bio-derived flame retardants, thin coatings, textiles and nanocomposites	editor for bio based and bio derived flame retardants, thin coatings, textiles and nanocomposites
938	reviews editor (including commentaries and book reviews)	reviews editor (including commentaries and book reviews)
939	regional editor (asia and pacific)	regional editor (asia and pacific)
940	associate editor (asia and pacific)	associate editor (asia and pacific)
941	technical committee	technical committee
942	outgoing editor-in-chief	outgoing editor in chief
943	associate editor – reviews	associate editor – reviews
944	associate editor – systematic reviews	associate editor – systematic reviews
945	former editors in chief	former editor in chief
946	for reviews	for reviews
947	honorary board member	honorary board member
948	editor-reviews	editor reviews
949	editorial advisory panel	editorial advisory panel
950	chairman of advisory board	chairman of advisory board
951	senior advisory board	senior advisory board
952	lost and found editor	lost and found editor
953	reviews and commentary editor	reviews and commentary editor
954	board of advisory editors	board of advisory editor
955	co-ordinating editor in chief	co ordinating editor in chief
956	ai editor	ai editor
957	cme editors	cme editor
958	gray zone editor	gray zone editor
959	methodology editor	methodology editor
960	deputy editor, review	deputy editor, review
961	deputy editor, methodology	deputy editor, methodology
962	deputy editor, social media	deputy editor, social media
963	assh journal advisory group	assh journal advisory group
964	gene wiki editors	gene wiki editor
965	founding/honorary editor	founding/honorary editor
966	special sections editor	special sections editor
967	international subject editors	international subject editor
968	board of section editors	board of section editor
969	ibro reports editor-in-chief	ibro reports editor in chief
970	associate editor (statistics)	associate editor (statistics)
971	senior editorial advisory board	senior editorial advisory board
972	book review panel	book review panel
973	members until december 2019	member until december 2019
974	members until december 2020	member until december 2020
975	members until december 2021	member until december 2021
976	editorial  board	editorial board
977	reproducibility editor	reproducibility editor
978	editorial board: algorithms, automata, complexity and games (tcs-a)	editorial board: algorithms, automata, complexity and games (tcs a)
979	editorial board: logic, semantics and theory of programming (tcs-b)	editorial board: logic, semantics and theory of programming (tcs b)
980	editorial board: theory of natural computing (tcs-c)	editorial board: theory of natural computing (tcs c)
981	board of honorary editors	board of honorary editor
982	subject assistant editors	subject assistant editor
983	cnrc editors	cnrc editor
984	cnrc advisory board	cnrc advisory board
985	senior members	senior member
986	founding and advising editor	founding and advising editor
987	executive board member (editorial)	executive board member (editorial)
988	special issues and reviews editor	special issues and reviews editor
989	surveys editor	surveys editor
990	editor for ex-mundo astronautico	editor for ex mundo astronautico
991	vice chair	vice chair
992	senior manuscript editor	senior manuscript editor
993	editorial council	editorial council
994	past managing editors	past managing editor
995	assistant to the editors	assistant to the editor
996	founding honorary editor	founding honorary editor
997	service research	service research
998	area editor for security & privacy	area editor for security & privacy
999	area editor for signal and image processing	area editor for signal and image processing
1000	area editor for wireless systems	area editor for wireless systems
1001	emeritus editor (1989-2009)	emeritus editor (1989 2009)
1002	founding editor (1973-2010)	founding editor (1973 2010)
1003	editor for europe & america	editor for europe & america
1004	special issues and mini-reviews editor	special issues and mini reviews editor
1005	editorial board members	editorial board member
1006	editor -in- chief	editor in chief
1007	editorial advisory board	editorial advisory board
1008	reviews and special issue editor	reviews and special issue editor
1009	statistical editor emeritus	statistical editor emeritus
1010	nephrology digest editor	nephrology digest editor
1011	associate editor for special issues	associate editor
1012	associate editor for book reviews	associate editor
1013	associate editor for target and position articles	associate editor
1014	associate editor for methodological papers	associate editor
1015	advisory board for industrial marketing management summits	advisory board for industrial marketing management summits
1016	specialist editors	specialist editor
1017	founding editor-in-chief (series b)	founding editor in chief (series b)
1018	editors (toruń)	editor (toruń)
1019	founding editor and editor-in-chief 1969-2010	founding editor and editor in chief 1969 2010
1020	principal editors	principal editor
1021	associate principal editors	associate principal editor
1022	baseline editor	baseline editor
1023	news editor	news editor
1024	editor in chief	editor in chief
1025	assistant editor	assistant editor
1026	contemporary reviews in critical care medicine	contemporary reviews in critical care medicine
1027	contemporary reviews in sleep medicine	contemporary reviews in sleep medicine
1028	academic advisory board	academic advisory board
1029	lead editor	lead editor
1030	associate chief editors	associate chief editor
1031	chief editor, for special issues and ‘citation classics’ papers	chief editor, for special issues and ‘citation classics’ papers
1032	board of subject editors	board of subject editor
1033	editors and scientific committee	editor and scientific committee
1034	distinguished editors	distinguished editor
1035	supervisory editors	supervisory editor
1036	assistant to u. belluco	assistant to u. belluco
1037	editors spectrochimica acta reviews	editor spectrochimica acta reviews
1038	chairman editorial advisory board	chairman editorial advisory board
1039	honorary members	honorary member
1040	honorary advisory editor	honorary advisory editor
1041	former advisor	former advisor
1042	advisory editors	advisory editor
1043	past-editor	past editor
1044	european nuclear society (ens) advisor	european nuclear society (ens) advisor
1045	emeritus principal editor	emeritus principal editor
1046	editorial advisers	editorial advisers
1047	managing editor of the section on computational algebra	managing editor of the section on computational algebra
1048	scientific editors (elsevier, cambridge, ma, usa)	scientific editor (elsevier, cambridge, ma, usa)
1049	mini reviews editor	mini reviews editor
1050	mini reviews co-editor	mini reviews co editor
1051	tutorial editor	tutorial editor
1052	emeritus honorary board	emeritus honorary board
1053	secretary-treasurer	secretary treasurer
1054	editor - optimization in systems and control	editor optimization in systems and control
1055	editor - nonlinear systems and control	editor nonlinear systems and control
1056	editor - adaptive and distributed parameter systems	editor adaptive and distributed parameter systems
1057	editor - control system applications	editor control system applications
1058	editor - networks in systems and control	editor networks in systems and control
1059	editor - system and control theory	editor system and control theory
1060	editor - system identification and filtering	editor system identification and filtering
1061	editor - survey papers	editor survey papers
1062	editor - rapid publications	editor rapid publications
1063	editor - book reviews	editor book reviews
1064	founding editor-in-chief (1969 - 1993)	founding editor in chief (1969 1993)
1065	editor-in-chief emeritus (1994 - 2003)	editor in chief emeritus (1994 2003)
1066	editor-in-chief emeritus (2004 - 2014)	editor in chief emeritus (2004 2014)
1067	editor-in-chief emeritus (2014 - 2017)	editor in chief emeritus (2014 2017)
1068	statistical review board	statistical review board
1069	handling associate editors	handling associate editor
1070	editor-in-chief 1992-2006	editor in chief 1992 2006
1071	editor-in-chief 2006-2015	editor in chief 2006 2015
1072	consultative board	consultative board
1073	commissioning editors	commissioning editor
1074	co-chief editors	co chief editor
1075	scientific advisors to the editors	scientific advisors to the editor
1076	division editors	division editor
1077	former emeritus editor-in-chief	former emeritus editor in chief
1078	clinical review editor	clinical review editor
1079	psychopharmacology updates editor	psychopharmacology updates editor
1080	governors and board directors	governors and board directors
1081	2019 annual meeting chair	2019 annual meeting chair
1082	aclp executive director (ex officio)	aclp executive director (ex officio)
1083	advisory editors: breast	advisory editor: breast
1084	advisory editors: cardiac/inc. interventional	advisory editor: cardiac/inc. interventional
1085	advisory editors: ent/maxillofacial	advisory editor: ent/maxillofacial
1086	advisory editors: gastrointestinal (inc. interventional)	advisory editor: gastrointestinal (inc. interventional)
1087	advisory editors: guidelines, educational and manpower	advisory editor: guidelines, educational and manpower
1088	advisory editors: musculoskeletal	advisory editor: musculoskeletal
1089	advisory editors: neurological	advisory editor: neurological
1090	advisory editors: oncological radiology (inc. interventional)	advisory editor: oncological radiology (inc. interventional)
1091	advisory editors: paediatric	advisory editor: paediatric
1092	advisory editors: pancreatic/hepato-biliary (inc. interventional)	advisory editor: pancreatic/hepato biliary (inc. interventional)
1093	advisory editors: radiology systems/pacs	advisory editor: radiology systems/pacs
1094	advisory editors: radionuclide radiology/pet	advisory editor: radionuclide radiology/pet
1095	advisory editors: thoracic	advisory editor: thoracic
1096	advisory editors: uro-genital (inc. interventional)	advisory editor: uro genital (inc. interventional)
1097	advisory editors: vascular (inc. interventional)	advisory editor: vascular (inc. interventional)
1098	emeritus board member	emeritus board member
1099	editorial specialists	editorial specialists
1100	reports editors	reports editor
1101	senior editorial advisors	senior editorial advisors
1102	international advisory panel	international advisory panel
1103	supplements editor	supplements editor
1104	industry representatives	industry representatives
1105	principal deputy editor	principal deputy editor
1106	editorial process manager	editorial process manager
1107	cells to surgery quiz editor	cells to surgery quiz editor
1108	meet the investigator editor	meet the investigator editor
1109	meeting reports section editor	meeting reports section editor
1110	podcast editors	podcast editor
1111	snapshotdx quiz editor	snapshotdx quiz editor
1112	action editor	action editor
1113	directing editor, the franklin institute	directing editor, the franklin institute
1114	senior editorial assistants	senior editorial assistants
1115	senior editor-in-chief	senior editor in chief
1116	honorary regional editors	honorary regional editor
1117	chief editor, deputy chief editor	chief editor, deputy chief editor
1118	invited editor	invited editor
1119	biostatistics editor	biostatistics editor
1120	publications committee	publications committee
1121	board of regents	board of regents
1122	general director	general director
1123	consulting technical editor	consulting technical editor
1124	clinical statistical reviewer	clinical statistical reviewer
1125	technical biomedical reviewer	technical biomedical reviewer
1126	technical reviewer	technical reviewer
1127	electronic supporting staff	electronic supporting staff
1128	executive associate editor-in-chief	executive associate editor in chief
1129	editor, non orthopaedic	editor, non orthopaedic
1130	editor, cme (bota)	editor, cme (bota)
1131	associate editors designated by the affiliated societies	associate editor designated by the affiliated societies
1132	deputy editor, clinical research	deputy editor, clinical research
1133	deputy editor, statistics	deputy editor, statistics
1134	deputy editor, basic and translational research	deputy editor, basic and translational research
1135	associate editors, statistics	associate editor, statistics
1136	associate editor, social media and correspondence	associate editor, social media and correspondence
1137	assistant editors – social media	assistant editor – social media
1138	yearly review editor	yearly review editor
1139	junior associate editor and method advisor	junior associate editor and method advisor
1140	series editor	series editor
1141	clinical editor	clinical editor
1142	senior editorial advisor	senior editorial advisor
1143	surgery and clinical anatomy for the mrcs exam – series editor	surgery and clinical anatomy for the mrcs exam – series editor
1144	co-founding editors	co founding editor
1145	digital psychiatry editor	digital psychiatry editor
1146	emeritus senior editor	emeritus senior editor
1147	emeritus editorial board	emeritus editorial board
1148	editorial advisory committee	editorial advisory committee
1149	emeritus and immediate past editor	emeritus and immediate past editor
1150	the council for the advancement of nursing science representatives	the council for the advancement of nursing science representatives
1151	editor-elect	editor elect
1152	senior statistical and methodological advisor	senior statistical and methodological advisor
1153	statistical and methodological advisors	statistical and methodological advisors
1154	senior science and  editorial consultants	senior science and editorial consultants
1155	overseeing editor	overseeing editor
1156	honarary editorial board	honarary editorial board
1157	series editor: geriatrics for the oncologist	series editor: geriatrics for the oncologist
1158	international news editor	international news editor
1159	editorial fellows	editorial fellows
1160	north american regional editor	north american regional editor
1161	senior deputy editor	senior deputy editor
1162	case reports editor	case reports editor
1163	editorial consultant	editorial consultant
1164	trophoblast research editor	trophoblast research editor
1165	trophoblast research co-editor	trophoblast research co editor
1166	trophoblast research editors emeritus	trophoblast research editor emeritus
1167	founding members	founding member
1168	editors' council	editor' council
1169	specialist assessor	specialist assessor
1170	review/update	review/update
1171	junior editor	junior editor
1172	electrocardiology and cardiac devices	electrocardiology and cardiac devices
1173	resident editors	resident editor
1174	editorial board: term ending 2018	editorial board: term ending 2018
1175	editorial board: term ending 2020	editorial board: term ending 2020
1176	editorial board: term ending 2022	editorial board: term ending 2022
1177	editorial board: term ending 2024	editorial board: term ending 2024
1178	immediate past editor	immediate past editor
1179	review section	review section
1180	editors-in-chief	editor in chief
1181	assistant subject editors	assistant subject editor
1182	financial manager	financial manager
1183	consulting editor-in-chief	consulting editor in chief
1184	eapm pages editor	eapm pages editor
1185	literature review editor	literature review editor
1186	section editor (basic immunology)	section editor (basic immunology)
1187	section editor (clinical studies)	section editor (clinical studies)
1188	associate editors for the americas	associate editor
1189	editor for europe	editor for europe
1190	associate editors for europe	associate editor
1191	editor for asia	editor for asia
1192	associate editors for asia	associate editor
1193	theme issue editor	theme issue editor
1194	concept papers editor	concept papers editor
1195	ethics editors	ethics editor
1196	co editors-in-chief	co editor in chief
1197	special features editor	special features editor
1198	asb representatives	asb representatives
1199	esb representatives	esb representatives
1200	isb representatives	isb representatives
1201	anzsb representatives	anzsb representatives
1202	société de biomécanique representatives	société de biomécanique representatives
1203	independent members	independent member
1204	past associate editors	past associate editor
1205	section editor – digital forensics	section editor – digital forensics
1206	section editor – general forensics	section editor – general forensics
1207	senior managing editor, acr press	senior managing editor, acr press
1208	senior managing editor, j&j editorial, llc	senior managing editor, j&j editorial, llc
1209	contributing editor	contributing editor
1210	reviews, commentary, editorials	reviews, commentary, editorials
1211	deputy editors emeriti	deputy editor emeriti
1212	board of referees	board of referees
1213	services and prevention, technology transfer, and treatment	services and prevention, technology transfer, and treatment
1214	treatment and services	treatment and services
1215	associate editor fellow	associate editor fellow
1216	ethics editor	ethics editor
1217	associate editor-in-chief	associate editor in chief
1218	senior advisory council	senior advisory council
1219	managing guest editors	managing guest editor
1220	seminars section editors	seminars section editor
1221	survey section editors	survey section editor
1222	retired editors	retired editor
1223	emeritus editor in chief	emeritus editor in chief
1224	editor submitted papers	editor submitted papers
1225	editor topical issues	editor topical issues
1226	current events editor	current events editor
1227	corresponding editor	corresponding editor
1228	international editorial advisory board	international editorial advisory board
1229	founding editors (collagen and related research)	founding editor (collagen and related research)
1230	science editors (matrix biology highlights)	science editor (matrix biology highlights)
1231	executive editorial board	executive editorial board
1232	htrs editorial board representative	htrs editorial board representative
1233	young consulting editors	young consulting editor
1234	former editor-in-chief	former editor in chief
1235	the board of governors of acta materialia	the board of governors of acta materialia
1236	pathology editor	pathology editor
1237	statistics/methods editors	statistics/methods editor
1238	editorial interns	editorial interns
1239	editor: endocrine, sarcomas and other rare tumours	editor: endocrine, sarcomas and other rare tumours
1240	french scientific commitee	french scientific commitee
1241	international scientific commitee	international scientific commitee
1242	in-house editor	in house editor
1243	institutional representatives	institutional representatives
1244	statistical associate editor	statistical associate editor
1245	specialty editor: epidemiology and prevention	specialty editor: epidemiology and prevention
1246	specialty editor: imaging, screening and early diagnosis	specialty editor: imaging, screening and early diagnosis
1247	speciality editors: familial & hereditary breast cancer	speciality editor: familial & hereditary breast cancer
1248	specialty editor: pathology	specialty editor: pathology
1249	specialty editors: surgery and oncoplastic surgery	specialty editor: surgery and oncoplastic surgery
1250	specialty editors: medical oncology	specialty editor: medical oncology
1251	specialty editor: radiation oncology	specialty editor: radiation oncology
1252	specialty editor: translational research	specialty editor: translational research
1253	specialty editor: psycho-oncology and quality of life	specialty editor: psycho oncology and quality of life
1254	specialty editor: survivorship	specialty editor: survivorship
1255	st gallen oncology conferences representatives	st gallen oncology conferences representatives
1256	associates editors	associates editor
1257	founding editor & editor in chief emeritus	founding editor & editor in chief emeritus
1258	emeriti associate editors	emeriti associate editor
1259	co editor-in-chiefs	co editor in chiefs
1260	associate editor: randomised trials, methodology and statistics	associate editor: randomised trials, methodology and statistics
1261	associate editor: guidelines	associate editor: guidelines
1262	associate editor: venous disease	associate editor: venous disease
1263	associate editor: education, cme	associate editor: education, cme
1264	associate editor: education, cme, vascular biology and translational medicine	associate editor: education, cme, vascular biology and translational medicine
1265	associate editor: reviews & correspondence	associate editor: reviews & correspondence
1266	associate editor: vascular biology, biomedical engineering and translational medicine	associate editor: vascular biology, biomedical engineering and translational medicine
1267	associate editor: coup d’oeil, technical innovations, short reports and online interactions	associate editor: coup d’oeil, technical innovations, short reports and online interactions
1268	associate editor: complex endovascular therapies	associate editor: complex endovascular therapies
1269	associate editor: venous and lymphatic diseases	associate editor: venous and lymphatic diseases
1270	english language editor	english language editor
1271	section editor: social gerontology and health service research	section editor: social gerontology and health service research
1272	basic science reviews editor	basic science reviews editor
1273	transfer editor heliyon	transfer editor heliyon
1274	editorial board associate editors	editorial board associate editor
1275	adviser on statistics	adviser on statistics
1276	adviser on veterinary anaesthesia	adviser on veterinary anaesthesia
1277	scientific assistant	scientific assistant
1278	senior area editors	senior area editor
1279	former editors-in-chief 2008 - 2017	former editor in chief 2008 2017
1280	consulting editors	consulting editor
1281	associate editor (shanghai office)	associate editor (shanghai office)
1282	editorial board (shanghai and tianjin editorial offices)	editorial board (shanghai and tianjin editorial offices)
1283	associate editor: social media	associate editor: social media
1284	society for cardiovascular pathology cornotes editor	society for cardiovascular pathology cornotes editor
1285	society for cardiovascular pathology publications committee chair	society for cardiovascular pathology publications committee chair
1286	review articles editors	review articles editor
1287	director, publications	director, publications
1288	honorary consulting editors	honorary consulting editor
1289	review & meta-analysis	review & meta analysis
1290	senior editorial board	senior editorial board
1291	world federation council members (wfsiccm)	world federation council member (wfsiccm)
1292	statistical board	statistical board
1293	assitant editors	assitant editor
1294	statistics advisory board	statistics advisory board
1295	reviews, seminars and debates	reviews, seminars and debates
1296	consulting editor on quantitative methods	consulting editor on quantitative methods
1297	advisory and consulting editors emeritus	advisory and consulting editor emeritus
1298	editor emeritus and topic editor-at-large	editor emeritus and topic editor at large
1299	new drug reviews	new drug reviews
1300	consulting editor, nephrology	consulting editor, nephrology
1301	consulting editor, pain management and treatment	consulting editor, pain management and treatment
1302	consulting editors, pharmacoepidemiology	consulting editor, pharmacoepidemiology
1303	consulting editor, placebo and nocebo research	consulting editor, placebo and nocebo research
1304	consulting statistical editor	consulting statistical editor
1305	consulting editor, women’s health	consulting editor, women’s health
1306	consulting editors at large	consulting editor at large
1307	international consulting editors	international consulting editor
1308	program coordinator	program coordinator
1309	ed board	ed board
1310	developmental editor	developmental editor
1311	associated editor	associated editor
1312	the board of governors of acta materialia inc.	the board of governors of acta materialia inc.
1313	assignment editor	assignment editor
1314	president of the editorial board	president of the editorial board
1315	director of the publication	director of the publication
1316	acting editor-in-chief	acting editor in chief
1317	acting executive editors	acting executive editor
1318	bask president	bask president
1319	past president	past president
1320	social media & web editor	social media & web editor
1321	cover art editor	cover art editor
1322	senior executive editors	senior executive editor
1323	asia executive editor	asia executive editor
1324	north american executive editor	north american executive editor
1325	distinguished senior editors	distinguished senior editor
1326	founding and consulting editors	founding and consulting editor
1327	value in health regional issues co-editors-in-chief	value in health regional issues co editor in chief
1328	value in health regional issues co-editors	value in health regional issues co editor
1329	value in health regional issues editorial advisory board	value in health regional issues editorial advisory board
1330	value in health regional issues management advisory board	value in health regional issues management advisory board
1331	review articles	review articles
1332	reviews editors	reviews editor
1333	ena board liaison	ena board liaison
1334	associate  editors	associate editor
1335	secretary/treasurer	secretary/treasurer
1336	directors	directors
1337	eons representatives	eons representatives
1338	editorial and production manager	editorial and production manager
1339	association for academic surgery publications committee co-chairs	association for academic surgery publications committee co chairs
1340	society for asian academic surgeons publications committee co-chairs	society for asian academic surgeons publications committee co chairs
1341	editor, biostatistics and modelling	editor, biostatistics and modelling
1342	managing editor	managing editor
1343	vice-editors-in-chief	vice editor in chief
1344	proof reader	proof reader
1345	editorial board and reviewers	editorial board and reviewers
1346	research briefs editors	research briefs editor
1347	editorial board director	editorial board director
1348	basic science editor	basic science editor
1349	basic science associate editors	basic science associate editor
1350	clinical associate editors	clinical associate editor
1351	reviewer board	reviewer board
1352	board of review editors	board of review editor
1353	founding editorial board members	founding editorial board member
1354	honorary consulting editor	honorary consulting editor
1355	advisor to the board	advisor to the board
1356	aqueous humor and optic nerve head section editor	aqueous humor and optic nerve head section editor
1357	cornea and lens section editor	cornea and lens section editor
1358	ocular immunology and pathology section editor	ocular immunology and pathology section editor
1359	retina and vascular biology section editor	retina and vascular biology section editor
1360	methods in eye research editor	methods in eye research editor
1361	reviews and special issues editor	reviews and special issues editor
1362	congenital heart disease editor	congenital heart disease editor
1363	imaging/physiology editor	imaging/physiology editor
1364	editor-in-chief, journal of shoulder and elbow surgery open access	editor in chief, journal of shoulder and elbow surgery open access
1365	editor-in-chief, journal of shoulder and elbow surgery	editor in chief, journal of shoulder and elbow surgery
1366	editor-in-chief, mayo clinic proceedings	editor in chief, mayo clinic proceedings
1367	managing and language editor	managing and language editor
1368	office manager	office manager
1369	board of co-editors	board of co editor
1370	deputy editor-in-chief	deputy editor in chief
1371	editorial specialist	editorial specialist
1372	past editors- and co-editors-in-chief	past editor and co editor in chief
1373	governing board	governing board
1374	phd students and postdocs - editorial board	phd students and postdocs editorial board
1375	coeditors-in-chief	coeditor in chief
1376	efas president	efas president
1377	associated editors	associated editor
1378	steering committee	steering committee
1379	editorial board social media	editorial board social media
1380	scientific commitee	scientific commitee
1381	editors for in the moment	editor for in the moment
1382	associate editors for perspectives	associate editor
1383	associate editor for systematic reviews	associate editor
1384	associate editor for association of pediatric program directors	associate editor
1385	* founding editors	* founding editor
1386	trainee editors	trainee editor
1387	production staff	production staff
1388	section editor - genetics	section editor genetics
1389	section editor - infectious disease	section editor infectious disease
1390	section editor - solid tumors	section editor solid tumors
1391	section editor - hematopathology	section editor hematopathology
1392	section editor - identity/hla	section editor identity/hla
1393	section editor - pharmacogenomics	section editor pharmacogenomics
1394	section editor - informatics	section editor informatics
1395	regional co-editors	regional co editor
1396	associate editor for clinical neuroimmunology	associate editor
1397	artificial intelligence and machine learning section editor	artificial intelligence and machine learning section editor
1398	cardiac imaging section editor	cardiac imaging section editor
1399	gastrointestinal imaging section and special issue editor	gastrointestinal imaging section and special issue editor
1400	genitourinary imaging section editor	genitourinary imaging section editor
1401	head and neck imaging section editor	head and neck imaging section editor
1402	hybrid imaging section editor	hybrid imaging section editor
1403	interventional radiology section editor	interventional radiology section editor
1404	musculoskeletal section editor	musculoskeletal section editor
1405	neuroradiology section editor	neuroradiology section editor
1406	nuclear medicine and oncology section editor	nuclear medicine and oncology section editor
1407	paediatric section editor	paediatric section editor
1408	women's imaging/breast imaging section editor	women's imaging/breast imaging section editor
1409	resident's journal review	resident's journal review
1410	american board of orthodontics	american board of orthodontics
1411	staff	staff
1412	international advisory board - commission representatives	international advisory board commission representatives
1413	section editor: cleft lip & palate and craniofacial anomalies	section editor: cleft lip & palate and craniofacial anomalies
1414	section editor: orthognathic surgery	section editor: orthognathic surgery
1415	section editor: cosmetic facial surgery	section editor: cosmetic facial surgery
1416	section editor: trauma	section editor: trauma
1417	section editor: tmj disorders	section editor: tmj disorders
1418	section editor: clinical pathology	section editor: clinical pathology
1419	section editor: pre-implant surgery/dental implants	section editor: pre implant surgery/dental implants
1420	section editor: oral surgery	section editor: oral surgery
1421	section editor: head and neck oncology	section editor: head and neck oncology
1422	section editor: reconstructive surgery	section editor: reconstructive surgery
1423	section editor: oral medicine/therapeutics	section editor: oral medicine/therapeutics
1424	section editor: research and emerging technologies	section editor: research and emerging technologies
1425	editor for the british isles	editor for the british isles
1426	editors-in-chief emeritus: founding editors	editor in chief emeritus: founding editor
1427	assistant editor for digital media	assistant editor for digital media
1428	societal guest editors	societal guest editor
1429	editorial analyst	editorial analyst
1430	column editors	column editor
1431	competition editor	competition editor
1432	other editorial board members	other editorial board member
1433	video and new media editor	video and new media editor
1434	editorial editors	editorial editor
1435	interactive associates	interactive associates
1436	global associates	global associates
1437	surgery in motion editor	surgery in motion editor
1438	medical oncology editor	medical oncology editor
1439	assistant digital media editor	assistant digital media editor
1440	words of wisdom editor	words of wisdom editor
1441	eau-ebu update series editor	eau ebu update series editor
1442	american geriatrics society section editor	american geriatrics society section editor
1443	image editor	image editor
1444	overseas editors	overseas editor
1445	review article	review article
1446	asc executive director	asc executive director
1447	senior editorial consultants	senior editorial consultants
1448	deputy editor and ‘midwifery education in practice’ section editor	deputy editor and ‘midwifery education in practice’ section editor
1449	section editors for urologic oncology (prostate & bladder)	section editor
1450	section editors for urologic oncology (kidney/adrenal/testis)	section editor
1451	section editors for endourology	section editor
1452	section editors for reconstructive surgery	section editor
1453	section editors for female urology/neuro urology	section editor
1454	section editors for benign prostatic hyperplasia	section editor
1455	section editors for transplant	section editor
1456	section editors for pediatric urology	section editor
1457	publishing staff	publishing staff
1458	aone contributing editor	aone contributing editor
1459	aone consulting editor	aone consulting editor
1460	section editor, supplements	section editor, supplements
1461	editor-in-chief emeritus	editor in chief emeritus
1462	reviews and special reports	reviews and special reports
1463	co-ordinating principal editor and library director	co ordinating principal editor and library director
1464	(editors-in-chief of related elsevier journals serving as aes of trip  ex officio.)	(editor in chief of related elsevier journals serving as aes of trip ex officio.)
1465	representatives of the council of the society and college of radiographers	representatives of the council of the society and college of radiographers
1466	the international board of editors	the international board of editor
1467	statistical adviser	statistical adviser
1468	expert advisers	expert advisers
1469	editorial board-reviewer	editorial board reviewer
1470	chair editor	chair editor
1471	associate editor for rehabilitation, physical therapy, clinical studies and exercise physiology	associate editor
1472	associate editor for motor learning, control and performance in clinical populations, technologies for rehabilitation and robot-aided rehabilitation	associate editor
1473	associate editor for emg methods, emg modelling, emg expert and signal processing	associate editor
1474	associate editor for sports science, motor control in exercise and neural control of movement	associate editor
1475	associate editor for orofacial physiology, mastication and reflexes	associate editor
1476	editorsin chief	editor in chief
