DisplayName	JournalId	issn
Theoretical Population Biology	17807283	00405809
International Journal of Multiphase Flow	18204665	03019322
Food Microbiology	50630504	07400020
Hearing Research	82774605	03785955
Transportation Research Part B-methodological	96305778	01912615
Progress in Lipid Research	108758393	01637827
Journal of Manufacturing Processes	120037611	15266125
Journal of English for Academic Purposes	145743673	14751585
Theoretical and Applied Fracture Mechanics	179906512	01678442
Oral Oncology	102916872	13688375
Physics Letters A	104875562	03759601
Space Policy	134585236	02659646
Fuzzy Sets and Systems	169411308	01650114
Gastroenterology Clinics of North America	177107850	08898553
Energy for Sustainable Development	186823356	09730826
Organizational Dynamics	195297104	00902616
Discrete Optimization	203549655	15725286
Journal of Clinical Tuberculosis and Other Mycobacterial Diseases	2898488464	24055794
Chemical Engineering Journal	149937609	13858947
Advances in Pediatrics	158688538	00653101
New Ideas in Psychology	158706580	0732118X
European Journal of Medical Genetics	160362754	17697212
Journal of Psychiatric Research	160879026	00223956
Environmental Impact Assessment Review	167829764	01959255
Addictive Behaviors	186215666	03064603
Radiology of Infectious Diseases	2764345763	23526211
Research in International Business and Finance	8133038	02755319
Journal of Applied Mathematics and Mechanics	67807940	00218928
Food Chemistry	98026630	03088146
Arab Journal of Gastroenterology	106979931	16871979
Canadian Journal of Cardiology	126162762	0828282X
Journal of Sustainable Mining	2764831130	23003960
Journal of South American Earth Sciences	27476350	08959811
Journal of Magnetic Resonance	90573847	10907807
Nuclear Engineering and Design	102681701	00295493
Leukemia Research	136942575	01452126
Biosystems Engineering	65230043	15375110
Journal of Loss Prevention in The Process Industries	97378760	09504230
Journal of Algorithms	110520077	01966774
Progress in Retinal and Eye Research	138587161	13509462
Process Biochemistry	173499201	13595113
Journal of Equine Veterinary Science	180849759	07370806
Continental Shelf Research	181119423	02784343
Tourism Management Perspectives	2764590662	22119736
Current Opinion in Pharmacology	13215328	14714892
Brachytherapy	38112244	15384721
Marine Micropaleontology	49668954	03778398
Cell Calcium	80202938	01434160
Air Medical Journal	117141055	1067991X
Insect Biochemistry and Molecular Biology	130917594	09651748
Brain and Cognition	140592201	02782626
Basal ganglia	2764647395	22105336
Journal of Stomatology, Oral and Maxillofacial Surgery	2898482364	24687855
Marine Chemistry	1650486	03044203
Journal of Process Control	96000363	09591524
Environmental Toxicology and Pharmacology	108944336	13826689
Journal of Marine Systems	195909765	09247963
Sustainable Computing: Informatics and Systems	2764953436	22105379
Journal of Radiology Nursing	42421247	15460843
Biochemical Systematics and Ecology	93466130	03051978
Journal of Mathematical Analysis and Applications	151579836	0022247X
Clinical Neurology and Neurosurgery	165396890	03038467
Journal of Nutrition Education and Behavior	206696595	14994046
urban climate	2764899123	22120955
Meat Science	9483105	03091740
Journal of Network and Computer Applications	30128005	10848045
Journal of Multinational Financial Management	92422469	1042444X
Current Opinion in Neurobiology	120775027	09594388
European Journal of Soil Biology	126894729	11645563
JACC: Basic to Translational Science	2898156683	2452302X
Complementary Therapies in Medicine	7715451	09652299
Forensic Science International	15336283	03790738
Sleep Medicine Reviews	28482811	10870792
Cytotherapy	36838616	14653249
International Journal of Medical Informatics	53142634	13865056
Differential Geometry and Its Applications	100028386	09262245
Journal of Membrane Science	119469986	03767388
Cities	137445289	02642751
International Journal of Pressure Vessels and Piping	14064848	03080161
Nurse Education Today	62565178	02606917
Stem Cell Research	81007815	18735061
Applied Catalysis A-general	84179801	0926860X
Spectrochimica Acta Part B: Atomic Spectroscopy	103398315	05848547
Journal of Pediatric Nursing	119745230	08825963
Seminars in Oncology Nursing	195969795	07492081
Research in Veterinary Science	196403249	00345288
Political Geography	202534398	09626298
Hellenic journal of cardiology	2754277107	11099666
Hellenic Journal of Cardiology	108791851	11099666
Performance Evaluation	45003570	01665316
World Neurosurgery	59624048	18788750
Superlattices and Microstructures	107898947	07496036
Ultrasonics Sonochemistry	130447213	13504177
Transplantation Proceedings	146061289	00411345
Science of Computer Programming	21029587	01676423
Computational Biology and Chemistry	104924063	14769271
Journal of Mathematical Psychology	126294776	00222496
Journal of Electron Spectroscopy and Related Phenomena	133911941	03682048
Journal of Hospitality and Tourism Management	187788904	14476770
Food Structure	193132355	22133291
Best Practice & Research Clinical Anaesthesiology	202824945	15216896
Computers in Human Behavior	204030396	07475632
Revue Neurologique	124451323	00353787
Computers & Chemical Engineering	150671403	00981354
Journal of Psychosomatic Research	151416048	00223999
Geoforum	169586356	00167185
Discrete Applied Mathematics	171741597	0166218X
Swarm and evolutionary computation	2764346689	22106502
Journal of building engineering	2764478331	23527102
Journal of Environmental Management	44455300	03014797
Consciousness and Cognition	75102731	10538100
Theoretical Computer Science	90727058	03043975
Solid State Ionics	101472891	01672738
European Journal of Pharmaceutical Sciences	119477091	09280987
Regulatory Peptides	163817903	01670115
Energy Policy	175056054	03014215
Annals of Nuclear Energy	197743716	03064549
Pratiques Psychologiques	207775623	12691763
Preventive medicine reports	2736416831	22113355
Journal of Pure and Applied Algebra	4805881	00224049
Operations Research Letters	27769002	01676377
Applied Surface Science	42323631	01694332
Journal of Neurolinguistics	52978869	09116044
Current Opinion in Plant Biology	69957782	13695266
Burns	133626053	03054179
Polyhedron	171616156	02775387
Human Resource Management Review	185253248	10534822
Ecological Indicators	194154261	1470160X
Geomorphology	203530175	0169555X
Women and Birth	162983661	18715192
Economic Analysis and Policy	2898574612	03135926
Gene	75702506	03781119
The Spine Journal	112180307	15299430
Reports of Practical Oncology & Radiotherapy	168508312	15071367
Journal of clinical and experimental hepatology	2764866434	09736883
spatial statistics	2765037494	22116753
Toxicology in Vitro	39580544	08872333
Contraception	82319153	00107824
Sensors and Actuators B-chemical	98455728	09254005
Chemistry and Physics of Lipids	99078529	00093084
Journal of Proteomics	100014387	18743919
International Journal of Rock Mechanics and Mining Sciences	129124101	13651609
Experimental Cell Research	132505712	00144827
Pediatric Neurology	165686931	08878994
Leukemia research reports	2764795583	22130489
Veterinary Parasitology: Regional Studies and Reports	2898096985	24059390
Methods	73539393	10462023
Social Science & Medicine	106822843	02779536
Cognitive Development	130413023	08852014
Australian Critical Care	149987840	10367314
Advances in Applied Mathematics	164906323	01968858
Acta Tropica	190456265	0001706X
Journal of Second Language Writing	192107914	10603743
International Journal of Osteopathic Medicine	200722317	17460689
Ecological Genetics and Genomics	2898331840	24059854
Journal of Chiropractic Humanities	31784138	15563499
Intermetallics	38855548	09669795
Molecular and Cellular Neuroscience	47891569	10447431
Physics Reports	48633963	03701573
Composite Structures	52363224	02638223
Energy Procedia	75069817	18766102
Clinical Nutrition	102860386	02615614
Phytomedicine	180051340	09447113
Midwifery	183131812	02666138
CIRP Annals	2898225552	00078506
Renewable Energy	815301	09601481
Ocean & Coastal Management	8178725	09645691
Chemometrics and Intelligent Laboratory Systems	69755223	01697439
Intensive and Critical Care Nursing	73565813	09643397
Chest	76900504	00123692
Economic Modelling	141184754	02649993
Finite Elements in Analysis and Design	145843112	0168874X
Chemosphere	203465130	00456535
Toxicology Letters	205878144	03784274
Molecular Genetics and Metabolism	42433034	10967192
Marine Policy	56205983	0308597X
Transfusion Clinique Et Biologique	103961758	12467820
Dyes and Pigments	137084839	01437208
Current Problems in Pediatric and Adolescent Health Care	150570842	15385442
Health Professions Education	2898264183	24523011
Current Plant Biology	2898426492	22146628
Applied Mathematics Letters	7571225	08939659
Pediatric Clinics of North America	68151621	00313955
Optical Fiber Technology	71855865	10685200
International Journal of Heat and Mass Transfer	90999920	00179310
Physiotherapy	111121700	00319406
Remote Sensing of Environment	141808269	00344257
Environmental Research	173943867	00139351
The Saudi Journal for Dental Research	2898556737	23520035
Journal of Oral and Maxillofacial Surgery	2672396	02782391
International Journal of Hydrogen Energy	48860480	03603199
International Journal of Nursing Studies	56493663	00207489
Asian Journal of Psychiatry	152361726	18762018
Journal of Experimental Marine Biology and Ecology	155333626	00220981
Gondwana Research	158567263	1342937X
International Journal for Parasitology	163169856	00207519
Food Quality and Preference	194662844	09503293
Techniques in Vascular and Interventional Radiology	201866370	10892516
Current opinion in chemical engineering	2764724535	22113398
European urology focus	2764909046	24054569
Computational Condensed Matter	2898583927	23522143
Reproductive Toxicology	1879512	08906238
Clinics in Perinatology	7604852	00955108
Field Mycology	124663017	14681641
The Journal of Sexual Medicine	159512450	17436095
Seminars in thoracic and cardiovascular surgery. Pediatric cardiac surgery annual	2764785269	10929126
Biophysical Chemistry	63395545	03014622
Orthopaedics & Traumatology-surgery & Research	99575944	18770568
Journal of Computer and System Sciences	141020589	00220000
Molecular and Biochemical Parasitology	144099348	01666851
Applied Nursing Research	144851420	08971897
Nursing Outlook	163228481	00296554
Current opinion in food science	2764555239	22147993
Journal of Financial Stability	121634618	15723089
Engineering Science and Technology, an International Journal	2764510487	22150986
Virology Reports	2898111600	22146695
Journal of the Association of Nurses in AIDS Care	133901672	10553290
Journal of Physics and Chemistry of Solids	171512606	00223697
JAAD case reports	2764486142	23525126
Econometrics and Statistics	2898363556	24523062
Wear	16737290	00431648
Japan and the World Economy	70935693	09221425
Emergency Medicine Clinics of North America	157616481	07338627
Progress in Planning	47767497	03059006
Journal of Cleaner Production	58516903	09596526
Journal of Drug Delivery Science and Technology	97205441	17732247
Journal of Molecular and Cellular Cardiology	111163638	00222828
Journal of Invertebrate Pathology	115815424	00222011
Journal of choice modelling	2764690196	17555345
Learning, Culture and Social Interaction	2764921156	22106561
Revue Francophone de Cicatrisation	2898451612	24689114
Regenerative Therapy	2898509233	23523204
Arthropod Structure & Development	38044275	14678039
Aerospace Science and Technology	61564791	12709638
Journal of Acupuncture and Meridian Studies	105094556	20052901
Journal of Electrostatics	181611401	03043886
Journal of Nursing Regulation	2764586361	21558256
Composites Communications	2898189939	24522139
Materials Letters	55626769	0167577X
Brain and Language	61781353	0093934X
European Urology	96871409	03022838
Psychosomatics	114257564	00333182
Journal of Pharmaceutical Sciences	130661733	00223549
Journal of Molecular Structure	203479135	00222860
alexandria engineering journal	2764413287	11100168
The Egyptian Rheumatologist	2764430323	11101164
Journal of Taibah University Medical Sciences	2764797630	16583612
NRIAG Journal of Astronomy and Geophysics	2764923129	20909977
Current Opinion in Toxicology	2898549711	24682020
European Annals of Otorhinolaryngology, Head and Neck Diseases	6819782	18797296
Neurobiology of Disease	35878148	09699961
Journal of International Financial Markets, Institutions and Money	82743730	10424431
Journal of Emergency Nursing	88041965	00991767
Journal of Power Sources	177147899	03787753
Preventive Veterinary Medicine	178566096	01675877
Process Safety and Environmental Protection	179185985	09575820
Microprocessors and Microsystems	195663827	01419331
Prostate international	2764768438	22878882
Biomolecular Detection and Quantification	2898160455	22147535
Journal of Industrial Information Integration	2898195457	2452414X
Digital Applications in Archaeology and Cultural Heritage	2898509050	22120548
Journal of Structural Geology	13481170	01918141
Forensic Science International: Genetics Supplement Series	70509887	18751768
Experimental Thermal and Fluid Science	130017051	08941777
Journal of Food Engineering	137362610	02608774
Seminars in Arthritis and Rheumatism	140349950	00490172
Physical Communication	148523156	18744907
Journal of the Formosan Medical Association	2755764997	09296646
Journal of The Formosan Medical Association	22003482	09296646
Early Human Development	124424368	03783782
Behavioural Processes	128158437	03766357
Radiation Physics and Chemistry	147871266	0969806X
Neuroscience & Biobehavioral Reviews	170052170	01497634
The Journal of Allergy and Clinical Immunology: In Practice	2754868259	22132198
Case Studies in Structural Engineering	2898595900	22143998
Research Policy	9731383	00487333
Health & Place	43487215	13538292
The Journal of Molecular Diagnostics	48180145	15251578
Technovation	70698675	01664972
Molecular Phylogenetics and Evolution	96989847	10557903
Translational Research	122935314	19315244
European Journal of Cell Biology	170067410	01719335
Nano Today	183222223	17480132
Sustainability of Water Quality and Ecology	2898273010	22126139
Smart Health	2898605202	23526483
Solid State Nuclear Magnetic Resonance	13909153	09262040
Transportation Research Part F-traffic Psychology and Behaviour	51141438	13698478
Neurochemistry International	53315755	01970186
Progress in Solid State Chemistry	185988428	00796786
Trends in Cognitive Sciences	192051125	13646613
Journal of Geriatric Oncology	199414623	18794068
Journal of global antimicrobial resistance	2764745279	22137165
Surgical Clinics of North America	38766774	00396109
Journal of Phonetics	42504509	00954470
Applied Mathematics and Computation	50372074	00963003
Studies in History and Philosophy of Science Part C: Studies in History and Philosophy of Biological and Biomedical Sciences	77764115	13698486
Cryobiology	87343901	00112240
Finance Research Letters	88577320	15446123
Microelectronics Journal	98831239	00262692
BioSystems	99347777	03032647
Computer Methods and Programs in Biomedicine	138959710	01692607
The Breast	181123643	09609776
Mathematics and Computers in Simulation	32114090	03784754
Journal of the American College of Cardiology	60865174	07351097
Computers & Mathematics With Applications	73535193	08981221
Aggression and Violent Behavior	80014870	13591789
Journal of Structural Biology	89954039	10478477
Journal of Fluency Disorders	157553855	0094730X
Oceanologia	176690450	00783234
Additive manufacturing	2764842179	22148604
Neuropharmacology	160566677	00283908
European Journal of Combinatorics	204851967	01956698
Bulletin of Faculty of Pharmacy, Cairo University	2764566513	11100931
The Foundation Years	2215384	17441889
Toxicology and Applied Pharmacology	42307217	0041008X
Human Pathology	63477337	00468177
Nuclear Data Sheets	123665906	00903752
Journal of Criminal Justice	140176541	00472352
Journal of Shoulder and Elbow Surgery	146952083	10582746
Soils and Foundations	164417264	00380806
Transport Policy	186558940	0967070X
International Journal of Impact Engineering	9070569	0734743X
Phytochemistry	88226677	00319422
Seminars in Orthodontics	173474783	10738746
Aquaculture Reports	2764883586	23525134
Journal of Environmental Psychology	32271328	02724944
Food Research International	38919146	09639969
Archives of Psychiatric Nursing	69840963	08839417
Journal of Human Evolution	83388334	00472484
African Journal of Urology	92813228	11105704
Journal of Theoretical Biology	109682412	00225193
Computers & Electrical Engineering	121340289	00457906
Journal of Pain and Symptom Management	135898356	08853924
Journal of Behavioral and Experimental Finance	2764372386	22146350
European Journal of Obstetrics & Gynecology and Reproductive Biology	17762386	03012115
Journal of Investigative Dermatology	28607811	0022202X
Journal of Fluorine Chemistry	81947917	00221139
Experimental and Molecular Pathology	111757857	00144800
Journal of Comparative Economics	138645024	01475967
The Egyptian Journal of Critical Care Medicine	2898577454	20907303
Tourism Management	6814119	02615177
Journal of Anthropological Archaeology	34740387	02784165
Respiratory Physiology & Neurobiology	72042703	15699048
Journal of Econometrics	127742747	03044076
Pervasive and Mobile Computing	140982614	15741192
Progress in Aerospace Sciences	166193747	03760421
Journal of Computational Science	192071280	18777503
Precambrian Research	1025118869	03019268
Epileptology	2898168259	22128220
Medical Hypotheses	27514295	03069877
European Journal of Medicinal Chemistry	29728585	02235234
Computers & Graphics	94821547	00978493
Journal of Geometry and Physics	105977992	03930440
Computational Statistics & Data Analysis	132362803	01679473
Optics Communications	186881120	00304018
Computers & Industrial Engineering	196821226	03608352
Engineering Geology	65957803	00137952
Brain Behavior and Immunity	102243518	08891591
Antiviral Research	137372404	01663542
International Biodeterioration & Biodegradation	138354367	09648305
Minerals Engineering	181849944	08926875
Medical journal, Armed Forces India	2755570778	03771237
Climate Risk Management	2764943563	22120963
Revue du Rhumatisme	2898446404	11698330
Medicine	28966261	13573039
Journal of Approximation Theory	35093870	00219045
Pain Management Nursing	70928947	15249042
Behavioural Brain Research	81474683	01664328
Cortex	116196263	00109452
Progress in Crystal Growth and Characterization of Materials	118960844	09608974
International Journal of Food Microbiology	132626406	01681605
New Biotechnology	139345353	18716784
Journal of Electroanalytical Chemistry	143604795	15726657
Geotextiles and Geomembranes	146462558	02661144
Fungal Biology Reviews	154213423	17494613
Cement and Concrete Research	186020892	00088846
International Journal of Paleopathology	2764719519	18799817
International Journal of Surgery Case Reports	5398819	22102612
Signal Processing-image Communication	38090728	09235965
Clinical Breast Cancer	57202346	15268209
Molecular Aspects of Medicine	61794117	00982997
Journal of Alloys and Compounds	67716761	09258388
Surgery (oxford)	95587881	02639319
Marine Pollution Bulletin	101229256	0025326X
Journal of Photochemistry and Photobiology A-chemistry	102276873	10106030
Current Opinion in Cell Biology	103771297	09550674
Optik	201441698	00304026
Geoderma	201473135	00167061
Ain Shams Engineering Journal	2764993483	20904479
Journal of Rail Transport Planning & Management	2898188555	22109706
Progress in Particle and Nuclear Physics	37308595	01466410
Environmental development	2764564261	22114645
Environmental innovation and societal transitions	2764720322	22104224
Current Opinion in Physiology	2898549194	24688673
Urologic Oncology-seminars and Original Investigations	4802544	10781439
Journal of Web Semantics	20211220	15708268
Trends in Cell Biology	118628157	09628924
Journal of Terramechanics	143111890	00224898
Seminars in Cancer Biology	154149207	1044579X
Stochastic Processes and their Applications	182850260	03044149
Current Opinion in Environmental Science & Health	2898239524	24685844
Annals of Epidemiology	40844199	10472797
Ecological Complexity	82072675	1476945X
Psychiatry Research-neuroimaging	84074229	09254927
Drug and Alcohol Dependence	109998069	03768716
Comptes Rendus Mathematique	128122872	1631073X
Computational and Theoretical Chemistry	137947318	2210271X
Journal of Research in Personality	156995526	00926566
Journal of Geochemical Exploration	183209598	03756742
She Ji: The Journal of Design, Economics, and Innovation	2898472644	24058726
Engineering Analysis With Boundary Elements	5226199	09557997
Brain Research Bulletin	8119441	03619230
International Journal of Medical Microbiology	41453107	14384221
Journal of Economic Dynamics and Control	44585919	01651889
Archives of Cardiovascular Diseases	174489444	18752136
Journal of Eurasian Studies	198504937	18793665
Journal of Virological Methods	7140881	01660934
Journal of Functional Analysis	54953690	00221236
Research in Organizational Behavior	55099511	01913085
Seminars in Nephrology	67786158	02709295
Contact Lens and Anterior Eye	137552098	13670484
Seminars in Vascular Surgery	154269213	08957967
Journal of Pragmatics	186034587	03782166
The American Journal of Medicine	186920367	00029343
Analytica Chimica Acta	192559872	00032670
Veterinary Immunology and Immunopathology	194416120	01652427
American Journal of Preventive Medicine	195759676	07493797
Water Security	2898592633	24683124
Isa Transactions	89543202	00190578
International Journal of Intercultural Relations	174538591	01471767
Accident Analysis & Prevention	188336720	00014575
Journal of Forest Economics	27827792	11046899
Iatss Research	88959691	03861112
Nurse Education in Practice	139566883	14715953
Mathematical and Computer Modelling	182710874	08957177
Journal of Environmental Economics and Management	200872515	00950696
Urology Practice	2764617932	23520779
Clinical Psychology Review	4632444	02727358
Pesticide Biochemistry and Physiology	9324707	00483575
Journal of Statistical Planning and Inference	25707077	03783758
Dynamics of Atmospheres and Oceans	29696369	03770265
Materials Science in Semiconductor Processing	82126420	13698001
Surface Science Reports	120139636	01675729
Experimental Gerontology	122591147	05315565
Reliability Engineering & System Safety	202403813	09518320
Journal of Diabetes and Its Complications	23257913	10568727
Primary Care Diabetes	67695068	17519918
Powder Technology	122730748	00325910
European Journal of Integrative Medicine	131488450	18763820
Trends in Biochemical Sciences	136233269	09680004
European Neuropsychopharmacology	168041952	0924977X
Journal of Cereal Science	2456228	07335210
Clinical Gastroenterology and Hepatology	6642600	15423565
Building and Environment	56464651	03601323
Respiratory Medicine	71995303	09546111
Journal of Minimally Invasive Gynecology	73678819	15534650
Ecological Modelling	88315673	03043800
Archives of Medical Research	157833918	01884409
Trends in Anaesthesia and Critical Care	2764716574	22108440
European Journal of Cancer	16731738	09598049
Astronomy and Computing	107133554	22131337
Journal of Organometallic Chemistry	108008259	0022328X
Computer Standards & Interfaces	119630662	09205489
The Annals of Thoracic Surgery	144860794	00034975
International Journal of Solids and Structures	189344224	00207683
Oral Surgery, Oral Medicine, Oral Pathology, and Oral Radiology	985209115	22124403
Neurocomputing	45693802	09252312
Simulation Modelling Practice and Theory	114739668	1569190X
Earth and Planetary Science Letters	119230507	0012821X
Journal of Retailing	159120381	00224359
Bioorganic Chemistry	165482960	00452068
Urology	196979320	00904295
Social Networks	26186134	03788733
International Journal of Drug Policy	60503757	09553959
Hpb	185605772	1365182X
Journal of oral biology and craniofacial research	2764859361	22124268
Preventive Medicine	8081180	00917435
Decision Support Systems	11479521	01679236
Harmful Algae	26186121	15689883
Russian Literature	47189229	03043479
Pulmonary Pharmacology & Therapeutics	102131606	10945539
Integration	139392130	01679260
Sexologies	153084353	11581360
International Immunopharmacology	158377717	15675769
Biological Control	161676133	10499644
Brain Stimulation	177350161	1935861X
International Journal of Information Management	189354248	02684012
Clinical Microbiology Newsletter	10855453	01964399
Indagationes Mathematicae	46662786	00193577
Journal of Accounting and Public Policy	86762183	02784254
Journal of Biomechanics	181675524	00219290
Journal of Evidence Based Dental Practice	199347942	15323382
Journal of High Energy Astrophysics	2898380114	22144048
Applied Ocean Research	19503097	01411187
The Journal of Academic Librarianship	40528764	00991333
Transportation Research Part D-transport and Environment	45181156	13619209
Psychiatric Clinics of North America	121233926	0193953X
Operative Techniques in General Surgery	207133668	1524153X
Hand surgery and rehabilitation	2764427465	24681229
Journal of Catalysis	1959426	00219517
Microelectronic Engineering	158028765	01679317
Journal of Autoimmunity	187826688	08968411
Sustainable Energy Technologies and Assessments	2764877105	22131388
Results in Pharma Sciences	2898480747	22112863
Rhizosphere	2898510056	24522198
Advances in Engineering Software	16540516	09659978
Journal of Number Theory	40813394	0022314X
Pharmacological Research	54485712	10436618
Journal of Electromyography and Kinesiology	65425268	10506411
Journal of Endodontics	90605627	00992399
Ceramics International	106928643	02728842
Journal of Combinatorial Theory, Series A	128556326	00973165
Human Movement Science	166684315	01679457
Journal of Computational Design and Engineering	2485147958	22884300
Chinese journal of traumatology	2764832985	10081275
Applied Energy	109565702	03062619
Advances in Mathematics	122441808	00018708
Physiology & Behavior	167407068	00319384
Journal of Macroeconomics	176795851	01640704
Clinical Epidemiology and Global Health	2764432518	22133984
Journal of vascular surgery. Venous and lymphatic disorders	2764537351	2213333X
Journal of Crystal Growth	10719676	00220248
Science & Justice	23089685	13550306
Journal of Analytical and Applied Pyrolysis	58603569	01652370
Quaternary Geochronology	128829286	18711014
Blood Cells Molecules and Diseases	183588319	10799796
Scientia Horticulturae	193620188	03044238
Atherosclerosis	206830620	00219150
Current opinion in insect science	2764908915	22145745
Journal of Magnetism and Magnetic Materials	3649266	03048853
Landscape and Urban Planning	104597489	01692046
Journal of The Mechanics and Physics of Solids	105775785	00225096
Lithos	107629180	00244937
Business Horizons	113237667	00076813
Maturitas	127492747	03785122
Animal Feed Science and Technology	171407314	03778401
Journal of PeriAnesthesia Nursing	188044397	10899472
Prostaglandins & Other Lipid Mediators	49907878	10988823
Journal of Tissue Viability	103059793	0965206X
Annals of Diagnostic Pathology	133584415	10929134
Ecosystem services	2764388848	22120416
Online Social Networks and Media	2898299116	24686964
International Journal of Law and Psychiatry	44052652	01602527
Carbohydrate Polymers	64311837	01448617
Coordination Chemistry Reviews	117186765	00108545
Trends in Parasitology	182404557	14714922
Agriculture, Ecosystems & Environment	185297315	01678809
Weather and climate extremes	2764450071	22120947
Journal of Oral Biosciences	33990022	13490079
Journal of Development Economics	101209419	03043878
Microbial Pathogenesis	113190374	08824010
Accounting Forum	131296671	01559982
Case Studies in Thermal Engineering	2764363796	2214157X
Digestive and Liver Disease	69273698	15908658
Paediatric Respiratory Reviews	98953465	15260542
Jacc-cardiovascular Interventions	117995063	19368798
Tetrahedron	205754296	00404020
Progress in Surface Science	98443392	00796816
Seminars in Immunology	161731549	10445323
Applied Animal Behaviour Science	179500637	01681591
Big Data Research	2491565770	22145796
Toxicology reports	2764757124	22147500
Bioorganic & Medicinal Chemistry	10422866	09680896
Chinese Journal of Physics	169735585	05779073
Deep-sea Research Part Ii-topical Studies in Oceanography	172051550	09670645
Computer Vision and Image Understanding	185008460	10773142
Spine deformity	2764396434	2212134X
Fitoterapia	44811770	0367326X
Computer Science Review	73121659	15740137
Management Accounting Research	114140714	10445005
Food and Bioproducts Processing	115749436	09603085
Journal of Parallel and Distributed Computing	157146593	07437315
Case Studies in Nondestructive Testing and Evaluation	2736648786	22146571
Molecular Astrophysics	2898605113	24056758
Evaluation and Program Planning	1842953	01497189
International Journal of Plasticity	10186584	07496419
International Journal of Cardiology	13342628	01675273
Journal of Rural Studies	28036099	07430167
Neuromuscular Disorders	50004817	09608966
Gait & Posture	156006901	09666362
The Journal of Mathematical Behavior	161209770	07323123
Neuropsychologia	165368631	00283932
Automation in Construction	172073041	09265805
World Development Perspectives	2898425895	24522929
Australasian Emergency Care	2898446752	2588994X
Fertility and Sterility	45445671	00150282
Trends in Immunology	84926904	14714906
Composites Part B-engineering	112674977	13598368
Jacc-cardiovascular Imaging	195556561	1936878X
Parasite Epidemiology and Control	2898382742	24056731
Cryogenics	43111796	00112275
Geography and Natural Resources	62230230	18753728
Virus Research	114911520	01681702
Journal of Constructional Steel Research	154695693	0143974X
Journal of The European Ceramic Society	158447136	09552219
Electrochimica Acta	198339081	00134686
Economic Systems	206007305	09393625
Ultramicroscopy	27731274	03043991
Transportation Research Part C-emerging Technologies	64511102	0968090X
Spectrochimica Acta Part A: Molecular and Biomolecular Spectroscopy	96873385	13861425
Journal of Manipulative and Physiological Therapeutics	104377164	01614754
Journal of Wind Engineering and Industrial Aerodynamics	22685659	01676105
Cognitive Psychology	36783443	00100285
American Heart Journal	46995015	00028703
Irbm	68802660	19590318
Journal of applied research in memory and cognition	2764634622	22113681
General and Comparative Endocrinology	12418545	00166480
Journal of Neuroradiology	45717877	01509861
Fungal Genetics and Biology	51923826	10871845
International Communications in Heat and Mass Transfer	118246204	07351933
Progress in Cardiovascular Diseases	192202259	00330620
Applied Acoustics	971171794	0003682X
Epidemics	24717195	17554365
Corrosion Science	96167972	0010938X
Journal of Systems Architecture	127660348	13837621
Wilderness & Environmental Medicine	131078631	10806032
Medical Dosimetry	137163093	09583947
Vehicular Communications	2480748589	22142096
Journal of Oncological Sciences	2898537173	24523364
Polar Science	14279969	18739652
Computer Speech & Language	91252481	08852308
Advances in Chronic Kidney Disease	121181480	15485595
European Journal of Vascular and Endovascular Surgery	138569045	10785884
Chemical Geology	141585851	00092541
Information Systems	193006928	03064379
Ore Geology Reviews	29724373	01691368
Marine Structures	97691390	09518339
Inorganica Chimica Acta	112227793	00201693
Frontiers in Neuroendocrinology	178650970	00913022
Cor et vasa	2754540703	00108650
Alexandria journal of medicine	2764586105	20905068
Obesity Medicine	2898532908	24518476
Journal of Vocational Behavior	25746158	00018791
Cancer Epidemiology	71791848	18777821
Operative Techniques in Thoracic and Cardiovascular Surgery	93988828	15222942
Transplant Immunology	155393248	09663274
Agricultural Systems	157560195	0308521X
Journal of Archaeological Science	190270160	03054403
Journal of Colloid and Interface Science	204609040	00219797
Journal of Sport and Health Science	2485047394	20952546
Manufacturing letters	2764828758	22138463
Progress in Nuclear Magnetic Resonance Spectroscopy	11006672	00796565
Microporous and Mesoporous Materials	52195378	13871811
Alzheimers & Dementia	108427512	15525260
Journal of Empirical Finance	145875555	09275398
Ecological Informatics	195809937	15749541
Health policy and technology	2764671021	22118837
IDCases	2898460781	22142509
Journal of International Economics	198098467	00221996
Defence Technology	2736621015	22149147
Journal of energy storage	2764865925	2352152X
Water Resources and Economics	2898304895	22124284
Combustion and Flame	32869529	00102180
International Journal of Hygiene and Environmental Health	83450999	14384639
Protist	103897674	14344610
Annals of Emergency Medicine	116012647	01960644
Radiography	127482523	10788174
Gender Medicine	184238227	15508579
Experimental and Toxicologic Pathology	93526581	09402993
Schizophrenia Research	144105592	09209964
Wound Medicine	2764419787	22139095
Journal of Archaeological Science: Reports	2764743818	2352409X
Ecotoxicology and Environmental Safety	13733787	01476513
Mental Health and Physical Activity	112317789	17552966
Neurotoxicology	115834843	0161813X
Annals of Vascular Surgery	124584150	08905096
Biocybernetics and Biomedical Engineering	137309422	02085216
Gene Reports	2765063225	24520144
Electoral Studies	124584455	02613794
Journal of Economics and Business	145099083	01486195
Information Economics and Policy	169221615	01676245
Food bioscience	2764726840	22124292
Archaeological Research in Asia	2898610133	23522267
Talanta	124795565	00399140
International Journal of Electrical Power & Energy Systems	168377509	01420615
Placenta	171513543	01434004
International Journal of Production Economics	184816971	09255273
Optical Materials	199247034	09253467
Neurobiology of Aging	284573	01974580
Journal of Stored Products Research	85016161	0022474X
Journal of Arid Environments	128210042	01401963
Acta Pharmaceutica Sinica B	2736993989	22113835
Heartrhythm Case Reports	2765045535	22140271
Journal of Combinatorial Theory, Series B	2939117604	00958956
Agricultural and Forest Meteorology	17729819	01681923
Current Opinion in Chemical Biology	35563517	13675931
Advances in Life Course Research	42023019	10402608
Best Practice & Research Clinical Endocrinology & Metabolism	63781308	1521690X
Orthopedic Clinics of North America	86906467	00305898
Fuel Processing Technology	112051168	03783820
Anaesthesia & Intensive Care Medicine	148355361	14720299
Comptes Rendus Chimie	176166730	16310748
Nuclear and Particle Physics Proceedings	2898370247	24056014
Intelligence	3225087	01602896
Annual Reviews in Control	54761077	13675788
Russian Geology and Geophysics	124442846	10687971
Journal of Multivariate Analysis	133905466	0047259X
Annales De Chirurgie Vasculaire	29683681	02992213
Child Abuse & Neglect	53055215	01452134
Journal of the American Medical Directors Association	132839637	15258610
Journal of Solid State Chemistry	168898714	00224596
Diabetes Research and Clinical Practice	171311646	01688227
International Review of Economics Education	2898493939	14773880
Journal of Visceral Surgery	3330943	18787886
International Journal of Infectious Diseases	35071406	12019712
Journal of Great Lakes Research	132336575	03801330
High Energy Density Physics	146547478	15741818
Field Crops Research	148071443	03784290
English for Specific Purposes	152281954	08894906
Analytic Methods in Accident Research	2898450762	22136657
Topology and its Applications	20133105	01668641
International Journal of Forecasting	39841227	01692070
European Journal of Pharmaceutics and Biopharmaceutics	122302516	09396411
Nutrition Research	123713480	02715317
Palaeogeography, Palaeoclimatology, Palaeoecology	159210951	00310182
Industrial Marketing Management	31748134	00198501
Journal of Molecular Biology	46058472	00222836
Marine Genomics	107001494	18747787
Current Applied Physics	159232998	15671739
Biotechnology Advances	160877137	07349750
Arabian Journal of Chemistry	2357026	18785352
Atmospheric Environment	2400914	13522310
Virology	6147291	00426822
Geochimica et Cosmochimica Acta	7538555	00167037
Journal of Plant Physiology	148694123	01761617
Signal Processing	154637859	01651684
Journal of Pharmaceutical and Biomedical Analysis	174893293	07317085
Journal of Reproductive Health and Medicine	2898377092	2214420X
Ocean Engineering	76910236	00298018
Marine and Petroleum Geology	93565542	02648172
Clinical Colorectal Cancer	112974357	15330028
Nonlinear Analysis-real World Applications	114104845	14681218
Journal of African Earth Sciences	125636905	1464343X
Journal of Experimental Child Psychology	201005279	00220965
Journal of Historical Geography	202848731	03057488
Case Studies in Engineering Failure Analysis	2764504438	22132902
Environment International	143381477	01604120
Atmospheric Research	171488675	01698095
Biotribology	2898172099	23525738
International Journal of Oral and Maxillofacial Surgery	38907727	09015027
Theoretical and Applied Mechanics Letters	2764471977	20950349
Nuclear materials and energy	2764871868	23521791
Nuclear Medicine and Biology	24354371	09698051
Acta Ecologica Sinica	60589374	18722032
Annales De Chirurgie	115308870	00033944
International Review of Law and Economics	121409115	01448188
Computers and Composition	122239074	87554615
Oral Science International	2764700489	13488643
Statistics & Probability Letters	9424914	01677152
Livestock Science	14620535	18711413
Flow Measurement and Instrumentation	46058507	09555986
Coastal Engineering	71934726	03783839
International Journal of Industrial Ergonomics	92539022	01698141
Brain Research	96638545	00068993
Optics and Lasers in Engineering	102728161	01438166
Thrombosis Research	134546602	00493848
Micron	141109035	09684328
Environmental and Experimental Botany	202986090	00988472
Marine Geology	5042006	00253227
Clinical Neurophysiology	38337076	13882457
Seminars in Diagnostic Pathology	60735155	07402570
Immunology Letters	71256826	01652478
Science of The Total Environment	86852077	00489697
Journal of Chemical Health and Safety	171495509	18715532
Acta Biomaterialia	173145877	17427061
Transportation Research Part E-logistics and Transportation Review	173966628	13665545
Anaerobe	187465954	10759964
Transportation geotechnics	2764755947	22143912
Clinical Skin Cancer	2898156357	24058645
OpenNano	2898377343	23529520
Protein Expression and Purification	9184782	10465928
Mendeleev Communications	19676749	09599436
Quaternary International	68052730	10406182
Planetary and Space Science	105500771	00320633
Statistical Methodology	120888908	15723127
Trends in Microbiology	587692	0966842X
Neoplasia	20008548	14765586
Clinical Lung Cancer	32518486	15257304
Journal of Cardiac Failure	67869649	10719164
International Journal of Adhesion and Adhesives	86637577	01437496
Photodiagnosis and Photodynamic Therapy	92638099	15721000
Mechanical Systems and Signal Processing	128368299	08883270
Gastroenterology	143352558	00165085
Life Sciences	175775512	00243205
Journal of Indian College of Cardiology	2764385184	15618811
Journal of Forensic and Legal Medicine	10107356	1752928X
Advances in Accounting	27001385	08826110
Aquatic Botany	61969038	03043770
Land Use Policy	80485027	02648377
Newborn and Infant Nursing Reviews	80596446	15273369
Catalysis Today	117279562	09205861
Studies in Educational Evaluation	126127421	0191491X
Journal of the Neurological Sciences	169054600	0022510X
Progress in Histochemistry and Cytochemistry	75174231	00796336
Colloids and Surfaces A: Physicochemical and Engineering Aspects	94313546	09277757
International Review of Economics & Finance	168273071	10590560
Annals of Physics	173877794	00034916
Journal of Luminescence	188673600	00222313
Materialia	2898317371	25891529
Toxicologie Analytique et Clinique	2898414893	23520078
Learning and Individual Differences	9267903	10416080
Journal of Housing Economics	57862637	10511377
Contemporary Clinical Trials	63040059	15517144
Global and Planetary Change	63048404	09218181
Biologicals	110177920	10451056
Metamaterials	130561736	18731988
Der Zoologische Garten	1844242	00445169
American Journal of Obstetrics and Gynecology	122347013	00029378
Physica Medica	138998826	11201797
Journal of Nuclear Materials	149516416	00223115
Microchemical Journal	151030190	0026265X
Clinical Therapeutics	185879095	01492918
Asian Journal of Urology	2764572459	22143882
The Egyptian Heart Journal	2764808870	11102608
Parallel Computing	112708030	01678191
Deep-sea Research Part I-oceanographic Research Papers	113880702	09670637
Journal of Inorganic Biochemistry	155362585	01620134
Ultrasonics	168745376	0041624X
Current Opinion in Structural Biology	175155502	0959440X
International Journal of Antimicrobial Agents	5248501	09248579
Journal of Financial Intermediation	5984737	10429573
Clinics in Chest Medicine	42926609	02725231
Geothermics	68581467	03756505
International Journal of Project Management	69872077	02637863
Mycoscience	85891262	13403540
Cell	110447773	00928674
Solar Energy Materials and Solar Cells	166040772	09270248
The Journal of Pain	194302669	15265900
Current opinion in behavioral sciences	2764598273	23521546
Joint Bone Spine	8204489	1297319X
Neural Networks	123019304	08936080
Annals of Allergy Asthma & Immunology	153558830	10811206
International Journal of Educational Research	156367897	08830355
International Journal of Coal Geology	6747076	01665162
Seminars in Arthroplasty	28165575	10454527
Bioorganic & Medicinal Chemistry Letters	30970080	0960894X
Reinforced Plastics	123917824	00343617
Journal of The Taiwan Institute of Chemical Engineers	156280905	18761070
Biochemical Engineering Journal	168210271	1369703X
Advances in Surgery	170839452	00653411
Progress in Pediatric Cardiology	187747600	10589813
International Journal of Research in Marketing	11810700	01678116
Sleep Medicine	183718435	13899457
Displays	191329154	01419382
European Journal of Oncology Nursing	198387837	14623889
Journal of environmental chemical engineering	2764859491	22133437
Biomedical Signal Processing and Control	8427965	17468094
Annals of Tourism Research	51885707	01607383
Chinese Journal of Chemical Engineering	78268018	10049541
Feuillets De Radiologie	111936214	01819801
Advances in Space Research	113313948	02731177
Ecological Engineering	134185576	09258574
Nurse Leader	173466246	15414612
Computers & Fluids	195914795	00457930
Operative Techniques in Orthopaedics	59748391	10486666
Radiotherapy and Oncology	144507673	01678140
Artificial Intelligence	196139623	00043702
DNA Repair	3892243	15687864
Clinical Pediatric Emergency Medicine	11015518	15228401
Journal of Food Composition and Analysis	25323420	08891575
Journal of Herbal Medicine	184565882	22108033
Sexual medicine reviews	2764906504	20500521
Discrete Mathematics	18902827	0012365X
Economics Letters	36178057	01651765
Thin Solid Films	84339699	00406090
Advances in Water Resources	145524021	03091708
Biochemical Pharmacology	185534594	00062952
Neuroscience Letters	203050076	03043940
Habitat International	203773155	01973975
Journal of materials research and technology	2765010971	22387854
Expert Systems With Applications	13144211	09574174
Computers in Biology and Medicine	44278595	00104825
European Economic Review	69338747	00142921
Fire Safety Journal	160215590	03797112
Physics Letters B	173952182	03702693
Applied Radiation and Isotopes	185347286	09698043
International Journal of Marine Energy	2764471554	22141669
Clinical Queries: Nephrology	2898517533	22119477
Journal of Monetary Economics	6711363	03043932
Applied Numerical Mathematics	24251679	01689274
International Journal of Accounting Information Systems	38901890	14670895
Journal of Economic Theory	149131268	00220531
Journal of Manufacturing Systems	201698446	02786125
Reproductive Biology	2493898138	1642431X
Fisheries Research	20111203	01657836
Legal Medicine	79241581	13446223
Progress in Materials Science	88404446	00796425
Expositiones Mathematicae	117734409	07230869
The Electricity Journal	135262353	10406190
Journal of clinical orthopaedics and trauma	2764780756	09765662
Surfaces and Interfaces	2764987357	24680230
Meta Gene	2898106244	22145400
Clinical Biochemistry	17140621	00099120
Physica B-condensed Matter	34296711	09214526
Environmental Science & Policy	39803240	14629011
Molecular Immunology	92126311	01615890
Middle East Fertility Society Journal	133968747	11105690
Journal of Clinical Anesthesia	155967237	09528180
Seminars in Ultrasound Ct and Mri	183103325	08872171
Current Opinion in Electrochemistry	2764372282	24519103
Plant Gene	2898280453	23524073
Journal of Hepatology	83651209	01688278
Archives of Physical Medicine and Rehabilitation	110924429	00039993
Telecommunications Policy	120991925	03085961
Current Opinion in Environmental Sustainability	153840704	18773435
Teaching and Learning in Nursing	167068830	15573087
ICT Express	2898368220	24059595
Physiological and Molecular Plant Pathology	54634327	08855765
Reports on Mathematical Physics	157748989	00344877
Polymer	186054908	00323861
International Journal of Developmental Neuroscience	198195568	07365748
Journal of Natural Gas Science and Engineering	125705681	18755100
Mechanisms of Development	137434647	09254773
Journal of Urban Economics	147692640	00941190
Fuel	164770093	00162361
Resource and Energy Economics	165058066	09287655
Journal of Biotechnology	182099265	01681656
Clinics and Research in Hepatology and Gastroenterology	2481910785	22107401
FlatChem	2898578437	24522627
Engineering Fracture Mechanics	17983605	00137944
Metal Finishing	58500416	00260576
Contemporary Educational Psychology	64506217	0361476X
International Journal of Obstetric Anesthesia	79567042	0959289X
New Astronomy	102436923	13841076
Fuel and Energy Abstracts	133353349	01406701
Applied Soft Computing	140556538	15684946
Clinical Immunology	37169408	15216616
Heart & Lung	85505639	01479563
Journal of Renal Nutrition	112180171	10512276
Peptides	120382301	01969781
Safety Science	123149298	09257535
Immunology and Allergy Clinics of North America	127434156	08898561
Biocatalysis and agricultural biotechnology	2764378920	18788181
Carbohydrate Research	34126442	00086215
Research in Transportation Economics	39263009	07398859
Medical Engineering & Physics	52939411	13504533
Biology of Blood and Marrow Transplantation	59987174	10838791
Pharmacology & Therapeutics	83493678	01637258
Epilepsy & Behavior	109517664	15255050
City, culture and society	2764821314	18779166
Journal of Photochemistry and Photobiology C-photochemistry Reviews	143106029	13895567
Review of Economic Dynamics	163499366	10942025
Ophthalmology Glaucoma	2898297012	25894196
The Journal of Urology	30525748	00225347
Optical Switching and Networking	48659482	15734277
Journal of The National Medical Association	66414671	00279684
Progress in Polymer Science	119685760	00796700
Topology	143014084	00409383
Journal of Accounting Education	6243863	07485751
Advances in Medical Sciences	57025993	18961126
Current Opinion in Genetics & Development	116174365	0959437X
The Extractive Industries and Society	2765074323	2214790X
Structures	2898442875	23520124
Growth Hormone & Igf Research	3076596	10966374
Orthodontic Waves	13630819	13440241
Journal of Thermal Biology	39195600	03064565
Computers & Geosciences	61699894	00983004
Journal of Asian Economics	69458508	10490078
Aquaculture	104261359	00448486
Developmental Review	122700532	02732297
Journal of Operations Management	142306484	02726963
Mathematical Social Sciences	149064342	01654896
Carbon	188605413	00086223
Journal of water process engineering	2764434589	22147144
Materials Science and Engineering: C	43139658	09284931
Journal of Financial Markets	127646213	13864181
Experimental Neurology	165592611	00144886
Aquatic Toxicology	183233548	0166445X
Case Studies in Construction Materials	2764881959	22145095
Food Policy	63571384	03069192
Scripta Materialia	105962883	13596462
Cardiology Clinics	173320517	07338651
Value in Health	678965	10983015
Construction and Building Materials	29980478	09500618
Journal of Business Venturing	66201313	08839026
Journal of Hospital Infection	87161179	01956701
Cognition	88198767	00100277
Composites Part A-applied Science and Manufacturing	96365333	1359835X
Research in Economics	156260212	10909443
Transportation Research Part A-policy and Practice	159637997	09658564
Forest Ecology and Management	195255895	03781127
Clinics in Dermatology	195740279	0738081X
International journal of disaster risk reduction	2764830010	22124209
Acupuncture and Related Therapies	2898303129	22117660
Computers & Education	29817078	03601315
Journal of Environmental Radioactivity	76547072	0265931X
Cognitive Systems Research	96254641	13890417
Clinical Chiropractic	189771566	14792354
Seminars in Hematology	56632351	00371963
American Journal of Orthodontics and Dentofacial Orthopedics	67147237	08895406
International Journal of Mechanical Sciences	72716621	00207403
Experimental Parasitology	102868315	00144894
Dermatologic Clinics	105469422	07338635
Journal of World Business	143995394	10909516
Current Problems in Diagnostic Radiology	151836202	03630188
Arab Journal of Mathematical Sciences	2764625064	13195166
Regional Studies in Marine Science	2764732502	23524855
Journal of otology	2765004167	16722930
Surgery	25102011	00396060
Infrared Physics & Technology	29254203	13504495
Educational Research Review	43764696	1747938X
Journal of Infection and Public Health	53706017	18760341
Sport Management Review	121058368	14413523
Information Processing Letters	147953040	00200190
Nano Energy	2497301991	22112855
Respiratory investigation	2764712545	22125345
Microbial Risk Analysis	2898539291	23523522
Journal of Pediatric and Adolescent Gynecology	13083541	10833188
Geobios	19370311	00166995
Estuarine Coastal and Shelf Science	43867544	02727714
Physica A-statistical Mechanics and Its Applications	61604500	03784371
Progress in Energy and Combustion Science	65236890	03601285
European Journal of Agronomy	129843401	11610301
International Journal of Pharmaceutics	131016564	03785173
Engineering Structures	165454098	01410296
Biological Psychology	3694117	03010511
Differentiation	53475899	03014681
Computer Networks	63392143	13891286
The journal of the economics of ageing	2764905104	2212828X
Synergy	2898119076	22137130
Forensic Science International-genetics	18992820	18724973
Seminars in Cell & Developmental Biology	105347553	10849521
Futures	130638383	00163287
Chinese Journal of Aeronautics	42274841	10009361
Small Ruminant Research	127169255	09214488
Operative Techniques in Sports Medicine	152791072	10601872
International Journal of Surgery Open	2898501874	24058572
Journal of Materials Processing Technology	127530304	09240136
Computers & Security	12529635	01674048
European Journal of Paediatric Neurology	30097070	10903798
Archives of Oral Biology	44717366	00039969
Postharvest Biology and Technology	70397842	09255214
Domestic Animal Endocrinology	105143944	07397240
Surface Science	137865625	00396028
Ndt & E International	146886830	09638695
Journal of Financial Economics	149240962	0304405X
Polymer Testing	157859649	01429418
Disability and Health Journal	182504092	19366574
Molecular metabolism	2764545133	22128778
Value in health regional issues	2764833115	22121099
Infectious Disease Clinics of North America	6458377	08915520
Mechanisms of Ageing and Development	6761461	00476374
European Journal of Control	21401918	09473580
Synthetic Metals	171076697	03796779
Chemical Physics	190037396	03010104
Emerging Markets Review	197112600	15660141
PharmaNutrition	2898452260	22134344
Kontakt	2898477343	12124117
Journal of Commodity Markets	2898531903	24058513
Mammalian Biology	28739527	16165047
Composites Science and Technology	52442148	02663538
Advanced Engineering Informatics	112141509	14740346
Physica C-superconductivity and Its Applications	139340696	09214534
Hormones and Behavior	170105747	0018506X
Neurochirurgie	193119689	00283770
Pancreatology	193617204	14243903
Blood Reviews	169446993	0268960X
Marine Environmental Research	205788060	01411136
Case studies on transport policy	2764739077	2213624X
Current opinion in psychology	2764746430	2352250X
Journal of orthopaedics	2764834445	0972978X
International Journal of Gastronomy and Food Science	2898331414	1878450X
Clinical Ovarian and Other Gynecologic Cancer	2898361051	22129553
European Urology Oncology	2898501490	25889311
Rangelands	3037477	01900528
Long Range Planning	9435936	00246301
Molecular and Cellular Probes	118384808	08908508
Journal of The American Pharmacists Association	142593579	15443191
Journal of Contemporary Accounting & Economics	142725411	18155669
Vaccine	27359860	0264410X
Revue Du Rhumatisme Monographies	42593272	18786227
Aquacultural Engineering	42973710	01448609
Critical Perspectives on Accounting	66510378	10452354
Computers & Structures	111482492	00457949
Speech Communication	128025751	01676393
Operations research for health care	2764412446	22116923
The Egyptian Journal of Radiology and Nuclear medicine	2764681357	0378603X
International Journal of Greenhouse Gas Control	21262371	17505836
Journal of Retailing and Consumer Services	25235501	09696989
International Journal of Heat and Fluid Flow	40322869	0142727X
Progress in Quantum Electronics	83014014	00796727
Acta Orthopaedica et Traumatologica Turcica	104441155	1017995X
Ageing Research Reviews	117312820	15681637
Clinical Simulation in Nursing	204691484	18761399
China journal of accounting research	2764806082	17553091
VideoGIE	2898416378	24684481
Linguistics and Education	16782977	08985898
Journal of Chromatography A	176136234	00219673
Journal of Pharmaceutical Analysis	2765050281	20951779
Neuron	45757444	08966273
Forest Policy and Economics	95823145	13899341
Applied Soil Ecology	148244296	09291393
Plastics, Additives and Compounding	158069639	1464391X
Scandinavian Journal of Management	171971387	09565221
Human Immunology	6860681	01988859
Artificial Intelligence in Medicine	42468263	09333657
Personality and Individual Differences	151331055	01918869
Acta histochemica	2756316337	00651281
Acta Histochemica	102497804	00651281
Particuology	62602987	16742001
Drug Discovery Today	152068293	13596446
Cellular Immunology	193466101	00088749
Drug Resistance Updates	47159833	13687646
Systems & Control Letters	56603566	01676911
Endeavour	65315170	01609327
Journal of Visual Communication and Image Representation	105424869	10473203
Applied Catalysis B-environmental	134307298	09263373
Clinical Neuroscience Research	155668084	15662772
Immunobiology	164377831	01712985
The journal of economic asymmetries	2764587561	17034949
AKCE International Journal of Graphs and Combinatorics	2764899362	09728600
Mental Health & Prevention	2898104552	22126570
Geriatric Mental Health Care	2898399233	22129693
Diabetes & Metabolism	49871393	12623636
Journal of Pediatric Health Care	78878675	08915245
Limnologica	97400022	00759511
Utilities Policy	114076160	09571787
Journal of Family Business Strategy	118119388	18778585
Technology in Society	149100181	0160791X
Microvascular Research	174346720	00262862
International Journal of Pediatric Otorhinolaryngology	200672447	01655876
BBA clinical	2764389749	22146474
Annals of medicine and surgery	2764697058	20490801
Pregnancy Hypertension	2898367572	22107789
Mechanism and Machine Theory	6785741	0094114X
European Journal of Radiology	22285447	0720048X
Review of Palaeobotany and Palynology	43762691	00346667
Catalysis Communications	48346357	15667367
Research in Accounting Regulation	62850545	10520457
Parkinsonism & Related Disorders	147691530	13538020
Journal of Computational Physics	148709879	00219991
European Journal of Protistology	172934240	09324739
Economics of Transportation	2898237991	22120122
Seminars in Oncology	77180905	00937754
Zoologischer Anzeiger	160317517	00445231
Journal of Algebra	184147796	00218693
Zoology	184280249	09442006
Fusion Engineering and Design	191935395	09203796
Journal of Electrocardiology	197069552	00220736
Journal of Differential Equations	200871675	00220396
Journal of the American Society of Cytopathology	2765000471	22132945
Computers in Industry	60779006	01663615
Journal of Thoracic Oncology	90745127	15560864
Veterinary Microbiology	91748803	03781135
Computer Communications	115004586	01403664
Biochemical and Biophysical Research Communications	151589183	0006291X
Computational Materials Science	26018076	09270256
Digital Investigation	67081940	17422876
Journal of Exercise Science & Fitness	67319095	1728869X
Experimental Eye Research	129637156	00144835
Journal of Neuroimmunology	137419829	01655728
Archives of Cardiovascular Diseases Supplements	147586446	18786480
Nitric Oxide	152998702	10898603
Journal of Hand Therapy	27091128	08941130
Journal of Insect Physiology	98276404	00221910
Plant Science	167743172	01689452
Journal of Molecular Liquids	189140625	01677322
Journal of Reproductive Immunology	190398947	01650378
Sexual Medicine	2739331564	20501161
Le Pharmacien Hospitalier et Clinicien	2898268954	22111042
International Emergency Nursing	531269	1755599X
Materials & Design	8792693	02641275
Journal of Ethnopharmacology	29564236	03788741
Journal for Nature Conservation	77407326	16171381
Current Biology	128425624	09609822
Comptes Rendus Palevol	170546617	16310683
Probabilistic Engineering Mechanics	189810516	02668920
Wine Economics and Policy	2898343181	22129774
Physical Therapy in Sport	27861859	1466853X
Journal of The American Society of Hypertension	114425954	19331711
Materials Research Bulletin	138530117	00255408
Animal Reproduction Science	162627789	03784320
Accounting Organizations and Society	198892436	03613682
Journal of Accounting and Economics	62142384	01654101
Experimental Hematology	72188638	0301472X
Journal of Transport Geography	80150607	09666923
Assessing Writing	146239864	10752935
Engineering Failure Analysis	152303250	13506307
Academic Radiology	182038535	10766332
Engineering Applications of Artificial Intelligence	900972176	09521976
Journal of Vascular Surgery Cases and Innovative Techniques	2764731433	24684287
Journal of Experimental Social Psychology	12410666	00221031
Journal of Asian Earth Sciences	80045625	13679120
Image and Vision Computing	177430994	02628856
Journal of Medical Imaging and Radiation Sciences	177542251	19398654
Environmental Pollution	201530359	02697491
Journal of Accounting Literature	2898124213	07374607
NanoImpact	2898242488	24520748
Journal of Chemical Neuroanatomy	6010938	08910618
Journal of International Money and Finance	10747938	02615606
Magnetic Resonance Imaging	13619737	0730725X
Best Practice & Research Clinical Haematology	24357767	15216926
Foot and Ankle Surgery	66582611	12687731
Journal of Fluids and Structures	160220869	08899746
Visual Journal of Emergency Medicine	2765030506	24054690
Tribology International	24284137	0301679X
South African Journal of Botany	31493525	02546299
Comparative Immunology Microbiology and Infectious Diseases	55958362	01479571
Journal of Economic Psychology	71968408	01674870
Enzyme and Microbial Technology	170295845	01410229
Advances in biological regulation	2764887616	22124926
Advances in Ophthalmology and Optometry	2898386384	24521760
Journal of Functional Foods	8548135	17564646
Applied Clay Science	37411791	01691317
Journal of Health Economics	166621295	01676296
Current Opinion in Virology	2489902859	18796257
Egyptian Journal of Anaesthesia	2764834862	11101849
Addictive Behaviors Reports	2898531107	23528532
International Journal of Africa Nursing Sciences	2898612945	22141391
Rangeland Ecology & Management	2797048	15507424
Resources Conservation and Recycling	18051569	09213449
American Journal of Kidney Diseases	18197459	02726386
Journal of Memory and Language	53787413	0749596X
Journal of Air Transport Management	99242495	09696997
Journal of Applied Geophysics	100607112	09269851
Eating Behaviors	131708376	14710153
Irbm News	195109850	19597568
Indian pacing and electrophysiology journal	2764726587	09726292
Ophthalmology Retina	2764728514	24686530
International Economics	2764850437	21107017
Clinical Neurophysiology Practice	2898474876	2467981X
Communications in Nonlinear Science and Numerical Simulation	39612629	10075704
Desalination	86512602	00119164
Energy Conversion and Management	105637730	01968904
Applied Thermal Engineering	129676613	13594311
Electric Power Systems Research	151498627	03787796
The Journal of Chemical Thermodynamics	173979593	00219614
SoftwareX	2506067282	23527110
Sleep Health	2898486062	23527218
Journal of Traditional Chinese Medicine	34074479	02546272
Nanomedicine: Nanotechnology, Biology and Medicine	80729884	15499634
Respiratory Medicine: Copd Update	81664031	17450454
Food and Chemical Toxicology	84231135	02786915
Organic Electronics	99846442	15661199
Matrix Biology	125651130	0945053X
Acta Psychologica	180067919	00016918
Diagnostic and interventional imaging	2764583368	22115684
Research in Social Stratification and Mobility	159612214	02765624
Journal of Comparative Pathology	177502829	00219975
Journal of Molecular Catalysis B-enzymatic	21009921	13811177
Journal of Chiropractic Medicine	67905653	15563707
Applied and Computational Harmonic Analysis	71199174	10635203
Poetics	98355519	0304422X
International Journal of Thermal Sciences	128740003	12900729
Finite Fields and Their Applications	925225069	10715797
Integrative medicine research	2764611727	22134220
Solid Earth Sciences	2898290686	2451912X
International Journal of Approximate Reasoning	33368595	0888613X
Current Problems in Surgery	84847770	00113840
Microelectronics Reliability	133646729	00262714
Journal of Hazardous Materials	145089992	03043894
Fungal Biology	187344466	18786146
Immunity	199671312	10747613
Geomechanics for Energy and the Environment	2898449748	23523808
Polymer Degradation and Stability	10124807	01413910
Journal of Vascular Nursing	70092882	10620303
Journal of Surgical Education	74622277	19317204
European Journal of Operational Research	103321696	03772217
Clinics in Sports Medicine	107726021	02785919
Appetite	126804734	01956663
Palaeoworld	136650500	1871174X
Cold Regions Science and Technology	141892599	0165232X
Journal of Corporate Finance	152282257	09291199
Computers & Operations Research	173256270	03050548
Topics in Companion Animal Medicine	183288208	19389736
Clinical Oncology	190064913	09366555
Vaccine Reports	2898532700	24057843
Journal of The American College of Radiology	8481965	15461440
Nutrition	59739785	08999007
Journal of Pharmacological and Toxicological Methods	89571363	10568719
Urban Forestry & Urban Greening	99909709	16188667
Journal of Clinical Virology	6589812	13866532
Research in Microbiology	37853641	09232508
Clinical Nutrition Supplements	58700017	17441161
Metabolic Engineering	173328182	10967176
Trends in Plant Science	201780205	13601385
Journal of epidemiology and global health	2764371953	22106006
Pharmacology, Biochemistry and Behavior	59685179	00913057
Clinical Genitourinary Cancer	71328803	15587673
Energy Economics	94499970	01409883
Control Engineering Practice	105928092	09670661
Journal of Sea Research	132103761	13851101
European Journal of Internal Medicine	138083468	09536205
Infection, Genetics and Evolution	142765166	15671348
The Case Manager	145246257	10619259
Energy Reports	2898434319	23524847
Journal of Critical Care	126993733	08839441
Journal of Integrative Medicine	129942055	20954964
Cardiovascular Pathology	176609843	10548807
Acta Astronautica	179591353	00945765
Biomedical journal	2764530560	23194170
Groundwater for Sustainable Development	2898504426	2352801X
Acta Materialia	64016596	13596454
Food Control	119525064	09567135
Labour Economics	163774179	09275371
The International Journal of Biochemistry & Cell Biology	183320690	13572725
Practical radiation oncology	2764989788	18798500
Seminars in Pediatric Neurology	8713311	10719091
Phytochemistry Letters	127984601	18743900
International Journal of Industrial Organization	183232449	01677187
Journal of Dairy Science	28349394	00220302
Journal of Behavior Therapy and Experimental Psychiatry	117021518	00057916
Biomaterials	163807576	01429612
Journal of Public Economics	199447588	00472727
Osteoarthritis and Cartilage	13054843	10634584
Currents in Pharmacy Teaching and Learning	41481881	18771297
Automatica	51360982	00051098
Journal of Prosthodontic Research	166703324	18831958
Vibrational Spectroscopy	169472558	09242031
Explorations in Economic History	145471836	00144983
Animal Behaviour	157690423	00033472
Mechanics of Materials	176710131	01676636
Journal of Adolescence	179289126	01401971
Journal of Ethnic Foods	2764499888	23526181
Surveys in Operations Research and Management Science	32682830	18767354
Teaching and Teacher Education	94618750	0742051X
Translational Oncology	106638657	19365233
Journal of Investigative Dermatology Symposium Proceedings	116973605	10870024
Body Image	177391433	17401445
Indian heart journal	2754628778	00194832
The Journal of Hand Surgery	2764548376	03635023
Current Opinion in Biomedical Engineering	2898133657	24684511
Trends in Neurosciences	114966740	01662236
Journal of Industrial and Engineering Chemistry	145420111	1226086X
Isprs Journal of Photogrammetry and Remote Sensing	173339282	09242716
Extreme Mechanics Letters	2764369487	23524316
Colloids and Surfaces B: Biointerfaces	22793308	09277765
Journal of Vascular Surgery	104135014	07415214
Microbiological Research	106450229	09445013
Journal of Cardiothoracic and Vascular Anesthesia	132356188	10530770
Hydrometallurgy	143946080	0304386X
Journal of anesthesia history	2764609970	23524529
Journal of Radiation Research and Applied Sciences	2764632503	16878507
Journal of Space Safety Engineering	2898428619	24688967
Diagnostic Microbiology and Infectious Disease	80485324	07328893
Measurement	147767848	02632241
The Journal of Steroid Biochemistry and Molecular Biology	168421034	09600760
Flora	185004651	03672530
Womens Studies International Forum	18053921	02775395
Neuroscience	30122339	03064522
Theriogenology	43044067	0093691X
Acute Pain	44132668	13660071
Computers, Environment and Urban Systems	60115552	01989715
Chinese Chemical Letters	167919573	10018417
Food Hydrocolloids	168584722	0268005X
International Journal of Educational Development	20152851	07380593
Chaos Solitons & Fractals	70718007	09600779
International Journal of Law Crime and Justice	88457980	17560616
Plant Physiology and Biochemistry	115455909	09819428
Toxicology	128555845	0300483X
Pharmacological Reports	180401253	17341140
Womens Health Issues	81455456	10493867
Neurotoxicology and Teratology	149459226	08920362
Best Practice & Research: Clinical Rheumatology	1036238847	15216942
Energy Strategy Reviews	2764911704	2211467X
Autoimmunity Reviews	12874817	15689972
Orbis	21901927	00304387
Radiation Measurements	143190592	13504487
Journal of The Japanese and International Economies	160393188	08891583
Surgery for Obesity and Related Diseases	197961893	15507289
Economics of Education Review	4888523	02727757
European Journal of Political Economy	100134864	01762680
Computers and Geotechnics	106576117	0266352X
Journal of Photochemistry and Photobiology B-biology	148303206	10111344
European Journal of Pharmacology	187816532	00142999
Journal of Traditional and Complementary Medicine	2737354210	22254110
Progress in Natural Science: Materials International	2898338117	10020071
Atomic Data and Nuclear Data Tables	24484104	0092640X
Lung Cancer	100767427	01695002
Studies in Mycology	128934584	01660616
Archives of Gerontology and Geriatrics	153378518	01674943
Journal of Hydrology	55737203	00221694
World Patent Information	84022812	01722190
International Journal of Engineering Science	102630943	00207225
Regional Science and Urban Economics	107631327	01660462
Clinical Imaging	113483602	08997071
The Quarterly Review of Economics and Finance	125273398	10629769
Journal of Trace Elements in Medicine and Biology	165809374	0946672X
Future Generation Computer Systems	186357190	0167739X
Tectonophysics	195250905	00401951
Children and Youth Services Review	10873304	01907409
Sensors and Actuators A-physical	16945967	09244247
Cardiovascular Revascularization Medicine	86061721	15538389
Gene Expression Patterns	149644738	1567133X
Perspectives in Plant Ecology Evolution and Systematics	176275101	14338319
Otolaryngologic Clinics of North America	32858342	00306665
Ocean Modelling	33756829	14635003
Chemical Engineering Science	33892871	00092509
Behavior Therapy	56240272	00057894
Clinical Effectiveness in Nursing	94482746	13619004
Journal of The American College of Surgeons	134316426	10727515
International Dairy Journal	184773532	09586946
Astroparticle Physics	202958571	09276505
Energy Storage Materials	2764728150	24058297
Engineering in agriculture, environment and food	2764895854	18818366
Analytical Biochemistry	7858788	00032697
Engineering	25216321	20958099
Information and Organization	35363033	14717727
Biochimie	75247133	03009084
Sedimentary Geology	85417211	00370738
Tetrahedron-asymmetry	88152556	09574166
Diamond and Related Materials	124577123	09259635
Applied Mathematical Modelling	153281200	0307904X
Global heart	2764804524	22118160
Molecular Catalysis	2764968843	24688231
Trauma Case Reports	2898480919	23526440
Learning and Motivation	10043949	00239690
Steroids	70286497	0039128X
International Review of Financial Analysis	145572626	10575219
Industrial Crops and Products	178362034	09266690
Structure	7112016	09692126
Journal of Petroleum Science and Engineering	19016632	09204105
Computer Methods in Applied Mechanics and Engineering	40006715	00457825
Language Sciences	67473218	03880001
Journal of Business Research	93284759	01482963
Journal of The Saudi Heart Association	106233407	10167315
Mayo Clinic Proceedings: Innovations, Quality & Outcomes	2898327595	25424548
Pathophysiology	14625721	09284680
Biomedicine & Pharmacotherapy	15111687	07533322
European Urology Supplements	59248909	15699056
Chinese Astronomy and Astrophysics	67755771	02751062
Progress in Neurobiology	69289175	03010082
Dendrochronologia	75371934	11257865
Vacuum	86481247	0042207X
Current Opinion in Microbiology	106299656	13695274
Comptes Rendus Biologies	119003425	16310691
Biosensors and Bioelectronics	156181945	09565663
Plasmid	160206373	0147619X
Cancer Treatment Reviews	49831067	03057372
Neurologia I Neurochirurgia Polska	85107651	00283843
Applied Geography	115443327	01436228
Annals of Pure and Applied Logic	172477885	01680072
Journal of Experimental Animal Science	204469263	09398600
The Joint Commission Journal on Quality and Patient Safety	2764676407	15537250
GeoResJ	2898218651	22142428
Energy and Buildings	6846437	03787788
Information Fusion	7560371	15662535
International Journal of Mass Spectrometry	108264783	13873806
Journal of Hospitality Leisure Sport & Tourism Education	137554564	14738376
Journal of The Chinese Medical Association	187201833	17264901
Information Sciences	192650101	00200255
International Journal of Mineral Processing	45356120	03017516
Fish & Shellfish Immunology	185787987	10504648
Progress in Nuclear Energy	201829030	01491970
Global Ecology and Conservation	2765061010	23519894
Nutrition Metabolism and Cardiovascular Diseases	4455515	09394753
Journal of Complexity	42286584	0885064X
Trends in Molecular Medicine	64855341	14714914
Learning and Instruction	78398831	09594752
Systematic and Applied Microbiology	111458355	07232020
Emotion, Space and Society	150370431	17554586
Electronic Commerce Research and Applications	187709482	15674223
International Journal of Gerontology	19156006	18739598
Toxicon	42803210	00410101
Physics of the Earth and Planetary Interiors	106840945	00319201
Resuscitation	128507546	03009572
Thermochimica Acta	160957154	00406031
Parasitology International	165236439	13835769
Library & Information Science Research	186163925	07408188
Resources Policy	194185345	03014207
Advances in integrative medicine	2764760482	22129588
EJVES Short Reports	2898235356	24056553
Climate Services	2898315726	24058807
Agri Gene	2898388394	23522151
Vision Research	68719679	00426989
Lingua	105737376	00243841
Bone	121725775	87563282
Evolution and Human Behavior	148068116	10905138
Journal of Dermatological Science	186278352	09231811
Journal of Biomedical Informatics	11622463	15320464
Clinical Biomechanics	74384676	02680033
Kidney International	97303050	00852538
Linear Algebra and its Applications	159544283	00243795
HardwareX	2898162711	24680672
Bioresource Technology	21442059	09608524
Journal of Systems and Software	37879656	01641212
Journal of Substance Abuse Treatment	82881359	07405472
European Management Journal	105567970	02632373
Journal of Geodynamics	140409716	02643707
Turkish journal of emergency medicine	2764591159	24522473
Water Resources and Industry	2898124245	22123717
Medical Image Analysis	116571295	13618415
Journal of Controlled Release	161954266	01683659
China Economic Review	19645890	1043951X
Fluid Phase Equilibria	34870678	03783812
Annals of Physical and Rehabilitation Medicine	47506589	18770657
Cytokine	70396342	10434666
Journal of International Accounting, Auditing and Taxation	132432621	10619518
Reproductive Biomedicine Online	206719219	14726483
Journal of International Management	960608072	10754253
American Journal of Ophthalmology	50016660	00029394
Journal of Purchasing and Supply Management	55239356	14784092
Journal of Chromatography B	103248676	15700232
Academic Pediatrics	141855577	18762859
Current Opinion in Immunology	170047187	09527915
Travel behaviour and society	2764874763	2214367X
Cellular and molecular gastroenterology and hepatology	2764889447	2352345X
Anthropocene	2898452301	22133054
Journal of Aging Studies	74338687	08904065
Agricultural Water Management	104641133	03783774
Computer Aided Geometric Design	135221619	01678396
Journal of Food and Drug Analysis	155791383	10219498
Journal of Vascular and Interventional Radiology	3376858	10510443
Journal of Engineering and Technology Management	47993699	09234748
Journal of The American Academy of Dermatology	58727509	01909622
Social Science Research	59311786	0049089X
Quaternary Science Reviews	81424476	02773791
Soil Dynamics and Earthquake Engineering	99356198	02677261
Cellular Signalling	113768434	08986568
Urologic Clinics of North America	179675478	00940143
Life sciences in space research	2764866528	22145524
Food and Waterborne Parasitology	2898529774	24056766
Wave Motion	10729136	01652125
Neurobiology of Learning and Memory	78120914	10747427
Journal of The Mechanical Behavior of Biomedical Materials	100249163	17516161
Research in Developmental Disabilities	132320204	08914222
Journal of Cultural Heritage	1016481467	12962074
Comparative Biochemistry and Physiology Part D: Genomics and Proteomics	2898390257	1744117X
Mechatronics	47380182	09574158
Nonlinear Analysis: Hybrid Systems	49302835	1751570X
Journal of Bioscience and Bioengineering	63783143	13891723
Journal of School Psychology	69627091	00224405
Mechanics Research Communications	98390232	00936413
Cirp Journal of Manufacturing Science and Technology	134482011	17555817
Alcohol	143406092	07418329
Journal of Aerosol Science	150548798	00218502
Clinical Radiology	180082538	00099260
Atmospheric Pollution Research	30869261	13091042
Information & Management	38883057	03787206
Chemical Physics Letters	44567922	00092614
Digital Signal Processing	64117906	10512004
Journal of Saudi Chemical Society	77754710	13196103
Crop Protection	98430239	02612194
System	130873806	0346251X
Structural Safety	1507157	01674730
Journal of Pediatric Surgery	39924113	00223468
Progress in Organic Coatings	41155759	03009440
Catena	44098145	03418162
Journal of Applied Developmental Psychology	57892594	01933973
Organizational Behavior and Human Decision Processes	64744539	07495978
International Journal of Biological Macromolecules	83853393	01418130
International Journal of Applied Earth Observation and Geoinformation	171169652	03032434
Energy	2497375143	03605442
Separation and Purification Technology	69753523	13835866
Physics of Life Reviews	78119372	15710645
Computers and Electronics in Agriculture	116775814	01681699
International Journal of Psychophysiology	129135363	01678760
Pattern Recognition Letters	151820558	01678655
BJA Education	2735164665	20585349
Journal of Infection	19579164	01634453
Journal of Sound and Vibration	99182027	0022460X
Journal of Adolescent Health	101177023	1054139X
European Polymer Journal	135472351	00143057
Iimb Management Review	144946686	09703896
American Journal of Infection Control	154451576	01966553
Journal of Pharmacological Sciences	163931769	13478613
Journal of Applied Logic	164898596	15708683
Artery Research	2725811	18729312
Journal of Computational and Applied Mathematics	165473669	03770427
Computer Languages, Systems & Structures	37707677	14778424
Journal of Molecular Spectroscopy	77654513	00222852
Journal of The American Society of Echocardiography	185321339	08947317
Language & Communication	195343931	02715309
Progress in Oceanography	9314624	00796611
Paediatrics and Child Health	87934238	17517222
Journal of Professional Nursing	162826810	87557223
Journal of Immunology and Regenerative Medicine	2898177172	24684988
Journal of Microbiological Methods	24124513	01677012
Materials Characterization	53842986	10445803
Geriatric Nursing	70907202	01974572
Complementary Therapies in Clinical Practice	88092858	17443881
New Astronomy Reviews	108771763	13876473
Pattern Recognition	414566	00313203
Journal of Symbolic Computation	18904315	07477171
Technological Forecasting and Social Change	39307421	00401625
Journal of Informetrics	205292342	17511577
Neurobiology of Stress	2898353726	23522895
Operations Research Perspectives	2898359650	22147160
Psychologie Du Travail Et Des Organisations	8788103	14202530
Current Opinion in Biotechnology	23939942	09581669
Auris Nasus Larynx	66787336	03858146
The American Journal of the Medical Sciences	109361689	00029629
Biological Psychiatry	205482884	00063223
Clinica Chimica Acta	207549998	00098981
Case Studies in Mechanical Systems and Signal Processing	2898545359	23519886
Advanced Drug Delivery Reviews	114437232	0169409X
Journal of Neuroscience Methods	132751470	01650270
Nano Communication Networks	95203059	18787789
Ecological Economics	136211407	09218009
Transfusion Medicine Reviews	162247841	08877963
Research Strategies	21493419	07343310
Cretaceous Research	48852984	01956671
International Journal of Surgery	67965910	17439191
Comprehensive Psychiatry	110368005	0010440X
Genomics	146035217	08887543
Design Studies	152445846	0142694X
Basic and Applied Ecology	733369	14391791
The Journal of High Technology Management Research	1234856	10478310
Journal of Cystic Fibrosis	147774598	15691993
Archives of Biochemistry and Biophysics	153476765	00039861
The North American Journal of Economics and Finance	155526628	10629408
Icarus	172501725	00191035
Public Relations Review	193575162	03638111
Journal of Mathematical Economics	202934171	03044068
Thinking Skills and Creativity	42886211	18711871
Journal of Advanced Research	57607125	20901232
Brain Research Reviews	97554319	01650173
Physica D: Nonlinear Phenomena	24688465	01672789
World Development	85457386	0305750X
Procedia Computer Science	120348307	18770509
International Journal of Critical Infrastructure Protection	133117437	18745482
Pedobiologia	133986316	00314056
International Journal of Hospitality Management	148599315	02784319
International Congress Series	172137629	05315131
Journal of obstetrics and gynaecology Canada	2755151586	17012163
Reproductive Biomedicine & Society Online	2898469629	24056618
International Journal of Surgery Protocols	2898569351	24683574
Structural Change and Economic Dynamics	67638930	0954349X
Journal of Communication Disorders	145707319	00219924
Global Finance Journal	150702451	10440283
Inorganic Chemistry Communications	166634186	13877003
Ophthalmology	207341048	01616420
Gynecologic oncology reports	2764639750	23525789
Methods in Oceanography	2898347612	22111220
Giornale Italiano di Endodonzia	2898376075	11214171
Prostaglandins Leukotrienes and Essential Fatty Acids	9307485	09523278
Solid State Communications	82088436	00381098
Robotics and Autonomous Systems	133768115	09218890
Behaviour Research and Therapy	186589312	00057967
Sustainable Energy, Grids and Networks	2493549543	23524677
Physics in Medicine	2898126519	23524510
Journal of The Anatomical Society of India	14695856	00032778
Journal of Contaminant Hydrology	20728117	01697722
Cancer Letters	106234763	03043835
Molecular and Cellular Endocrinology	191044671	03037207
Journal of Surgical Research	45161156	00224804
International Journal of Fatigue	71623918	01421123
Journal of Anxiety Disorders	110204754	08876185
Early Childhood Research Quarterly	114141255	08852006
Computer Physics Communications	142305363	00104655
Journal of Dental Sciences	173463841	19917902
Journal of Volcanology and Geothermal Research	187199247	03770273
Cytokine & Growth Factor Reviews	194552188	13596101
Reviews in Physics	2898398052	24054283
Sports Orthopaedics and Traumatology Sport-Orthopdie - Sport-Traumatologie	2764667403	0949328X
Annales pharmaceutiques franaises	193932567	00034509
Economics and Human Biology	19927788	1570677X
Aeu-international Journal of Electronics and Communications	141761900	14348411
Revue des Maladies Respiratoires Actualits	2898247517	18771203
L'Anthropologie	2898112208	00035521
American Journal of Geriatric Pharmacotherapy	144209978	15435946
Photonics and Nanostructures: Fundamentals and Applications	83542139	15694410
Revue de Chirurgie Orthopdique et Traumatologique	2898336668	18770517
Diabetes and Metabolic Syndrome: Clinical Research and Reviews	125677163	18714021
Innovative Food Science and Emerging Technologies	130676932	14668564
The Journal of the Association for Vascular Access	2764478219	15528855
Hematology/Oncology and Stem Cell Therapy	2898422462	16583876
Procedia - Social and Behavioral Sciences	104917558	18770428
Comparative Biochemistry and Physiology C-toxicology & Pharmacology	76695604	15320456
Physica E-low-dimensional Systems & Nanostructures	23074404	13869477
NPG Neurologie - Psychiatrie - Griatrie	2898186560	16274830
Mutation Research-genetic Toxicology and Environmental Mutagenesis	180455372	13835718
Mutation Research	29775604	13835718
Computational Geometry: Theory and Applications	165542689	09257721
Case Reports in Women's Health	2898284587	22149112
Journal of Asia-Pacific Biodiversity	2765047820	2287884X
International Journal of Child-Computer Interaction	2493636226	22128689
Applied and Translational Genomics	2765032131	22120661
Journal of Destination Marketing and Management	2764801966	2212571X
Performance enhancement and health	2764777161	22112669
American Journal of Pathology	145577119	00029440
Journal of Atmospheric and Solar-Terrestrial Physics	207559368	13646826
Nano-Structures and Nano-Objects	2764574320	2352507X
Revue Francophone Internationale de Recherche Infirmire	2898183315	23528028
Journal of Co-operative Organization and Management	2898493639	2213297X
Cancer Radiotherapie	171772052	12783218
The Journal of Allergy and Clinical Immunology	108525051	00916749
Journal of transport and health	2764685396	22141405
Research in transportation business and management	2764779785	22105395
Journal d'imagerie diagnostique et interventionnelle	2898149754	25433431
Mdecine Palliative	2898398420	16366522
Actualits Pharmaceutiques	2898131220	05153700
Clinical Lymphoma, Myeloma & Leukemia	186546955	21522650
Communist and Post-communist Studies	200446109	0967067X
Lebensmittel-Wissenschaft & Technologie	26760650	00236438
Lwt - Food Science and Technology	139755438	00236438
Applied & Preventive Psychology	24914084	09621849
Current Therapeutic Research-clinical and Experimental	160239940	0011393X
Journal of Physiology-paris	158668546	09284257
Medecine Et Maladies Infectieuses	13084425	0399077X
Journal de Thrapie Comportementale et Cognitive	2898461090	11551704
La Revue de Mdecine Lgale	2898472452	18786529
Optics and Laser Technology	112574528	00303992
Kinsithrapie, la Revue	2898601235	17790123
Motricit Crbrale	2898125181	02455919
Energy research and social science	2764593084	22146296
Droit, Dontologie & Soin	2898580326	16296583
Revue D Epidemiologie Et De Sante Publique	92747870	03987620
International Journal of Refrigeration-revue Internationale Du Froid	186745480	01407007
Chemico-Biological Interactions	34460812	00092797
Best Practice & Research in Clinical Obstetrics & Gynaecology	89033907	15216934
Revue de Mdecine Interne	86692366	02488663
Asia-Pacific Journal of Sports Medicine, Arthroscopy, Rehabilitation and Technology	2764637343	22146873
Materials Science and Engineering A-structural Materials Properties Microstructure and Processing	154732359	09215093
British Accounting Review	197396629	08908389
International Journal of Machine Tools & Manufacture	154368109	08906955
Information & Software Technology	205010575	09505849
Information & Computation	59933527	08905401
Journal of the American Academy of Child and Adolescent Psychiatry	60711021	08908567
Social Science Journal	129906632	03623319
Surface & Coatings Technology	76010543	02578972
Journal of Banking and Finance	2876017	03784266
Best Practice & Research in Clinical Gastroenterology	67215617	15216918
Journal of Hydro-environment Research	72160414	15706443
Acta Oecologica-international Journal of Ecology	127446044	1146609X
Journal de Chirurgie Viscrale	2898216896	1878786X
Revue d'Oncologie Hmatologie Pdiatrique	2898414897	22134670
Annales franaises d'Oto-rhino-laryngologie et de Pathologie Cervico-faciale	2898300460	18797261
Annales de l'Institut Henri Poincar C, Analyse non linaire	2898435970	02941449
Annales De L Institut Henri Poincare-analyse Non Lineaire	183408097	02941449
Revue Francophone d'Orthoptie	2898222027	18762204
Explore-the Journal of Science and Healing	184475040	15508307
Journal of stroke and cerebrovascular diseases : official publication of the National Stroke Association	2764861533	10523057
Global Environmental Change-human and Policy Dimensions	130750583	09593780
Trends in Food Science and Technology	89023782	09242244
Zeitschrift Fur Medizinische Physik	13941947	09393889
Cement & Concrete Composites	123887920	09589465
Chemical Engineering Research & Design	166351637	02638762
Progress in Neuro-psychopharmacology & Biological Psychiatry	142279999	02785846
Comparative Biochemistry and Physiology A-molecular & Integrative Physiology	193677276	10956433
Evidence-based Cardiovascular Medicine	54515175	13612611
Journal of Nutritional Biochemistry	548917	09552863
Socio-economic Planning Sciences	153485742	00380121
Le Praticien en Anesthsie Ranimation	197436009	12797960
Environmental Nanotechnology, Monitoring and Management	2764626169	22151532
Journal of King Saud University: Engineering Sciences	2764977103	10183639
Transactions. American College of Cardiology	2764947733	00029149
American Journal of Cardiology	185186944	00029149
Nuclear Instruments & Methods in Physics Research Section A-accelerators Spectrometers Detectors and Associated Equipment	131663046	01689002
Nuclear Instruments and Methods in Physics Research	145630073	01689002
Chemical Engineering and Processing	94212472	02552701
Robotics and Computer-integrated Manufacturing	118216261	07365845
Nuclear Instruments & Methods in Physics Research Section B-beam Interactions With Materials and Atoms	113542562	0168583X
Thin-walled Structures	205118121	02638231
Comparative Biochemistry and Physiology B	102889028	10964959
Journal of Foot & Ankle Surgery	194540436	10672516
Materials Science and Engineering R	1018252914	0927796X
Journal of The Franklin Institute-engineering and Applied Mathematics	183498172	00160032
Colloid and Interface Science Communications	2898407671	22150382
Journal of King Saud University - Science	163784168	10183647
Current Opinion in Colloid and Interface Science	974056801	13590294
Journal of Molecular Graphics & Modelling	76694907	10933263
Journal of the American Dental Association	116566766	00028177
Journal Francais D Ophtalmologie	179325419	01815512
DoctorConsult - The Journal. Wissen fr Klinik und Praxis	2898193249	18794122
La Revue d'Homopathie	2898531607	18789730
Operative Techniques in Otolaryngology-head and Neck Surgery	175287200	10431810
Journal De Mycologie Medicale	144424300	11565233
Environmental Technology and Innovation	2764865870	23521864
Evolution Psychiatrique	128189301	00143855
Comptes Rendus Mecanique	52372967	16310721
Mdecine & Droit	2898588307	12467391
Archives De Pediatrie	32515731	0929693X
Nonlinear Analysis-theory Methods & Applications	70695507	0362546X
Research in Social & Administrative Pharmacy	50431791	15517411
Nuclear Physics	62159105	03759474
Journal de Mathmatiques Pures et Appliques	61246407	00217824
Journal of Economic Behavior and Organization	62201805	01672681
Insurance Mathematics & Economics	198325475	01676687
Data and Knowledge Engineering	136993123	0169023X
Earth-Science Reviews	40187045	00128252
Bulletin Des Sciences Mathematiques	106596053	00074497
BJA: British Journal of Anaesthesia	33418846	00070912
Brain & Development	122866201	03877604
Biomass & Bioenergy	171918450	09619534
Pediatrics and Neonatology	183831342	18759572
Soil & Tillage Research	1666925	01671987
Reactive & Functional Polymers	205957783	13815148
Soil Biology & Biochemistry	62391475	00380717
Trends in Ecology and Evolution	79131028	01695347
Infant Behavior & Development	67039580	01636383
Journal of Cataract and Refractive Surgery	107025856	08863350
Journal of Non-crystalline Solids	59020844	25901591
Annales Francaises D Anesthesie Et De Reanimation	59157177	07507658
Information Processing and Management	174847851	03064573
Trends in Endocrinology and Metabolism	93802863	10432760
Developmental and Comparative Immunology	81563257	0145305X
Environmental Modelling and Software	113611870	13648152
Progress in Biophysics & Molecular Biology	181418318	00796107
Renewable & Sustainable Energy Reviews	68497187	13640321
Journal of Plastic Reconstructive and Aesthetic Surgery	23813625	17486815
Journal of Quantitative Spectroscopy & Radiative Transfer	100373537	00224073
Annales De Cardiologie Et D Angeiologie	132801490	00033928
European Journal of Mechanics B-fluids	75679255	09977546
European Journal of Mechanics A-solids	197285952	09977538
International Journal of Refractory Metals & Hard Materials	179369505	02634368
Revue Francaise D Allergologie	107063406	18770320
Current Opinion in Solid State & Materials Science	7637673	13590286
British Journal of Oral & Maxillofacial Surgery	128631314	02664356
La Revue Sage-femme	21140273	16374088
Das Neurophysiologie-labor	38712310	14394847
Journal of CO 2 Utilization	2764524952	22129820
Neuropsychiatrie De L'enfance Et De L'adolescence	99404374	02229617
Annales De Paleontologie	159429175	07533969
Pathology Research and Practice	73101346	03440338
International Journal of Radiation Oncology Biology Physics	110533041	03603016
Nutrition Clinique Et Metabolisme	33589681	09850562
Ticks and Tick-borne Diseases	107919129	1877959X
Pratique Neurologique - Fmc	138927772	18787762
Journal of Obsessive-Compulsive and Related Disorders	2504628507	22113649
Journal of Asia-pacific Entomology	49593656	12268615
Journal of Non-newtonian Fluid Mechanics	13281104	03770257
Mutation Research-reviews in Mutation Research	155491289	13835742
International Journal of Non-linear Mechanics	152063775	00207462
Njas-wageningen Journal of Life Sciences	121433036	15735214
Critical Reviews in Oncology Hematology	185233701	10408428
Spatial and Spatio-temporal Epidemiology	98349058	18775845
